business_id,score,date
67372,87,20150608
67372,98,20150623
67372,94,20151112
61072,99,20150224
61072,100,20151110
98932,100,20160125
30690,97,20150409
30690,89,20151007
30690,98,20151007
31040,99,20150619
31040,96,20151202
32279,100,20150330
32279,100,20150917
95307,98,20150630
95307,100,20151210
65080,96,20150527
65080,96,20151201
30740,97,20150628
30740,96,20151125
43192,100,20150319
43192,100,20150902
96528,99,20150617
96528,99,20151210
31710,100,20150723
31710,100,20160104
75081,100,20150406
75081,100,20150928
74487,98,20150610
74487,99,20151204
96533,100,20150515
96533,100,20151019
41689,96,20150213
41689,100,20150213
41689,97,20150804
41689,97,20160217
70022,100,20150630
70022,100,20151229
69489,100,20150304
69489,100,20150915
84685,100,20150316
84685,100,20150911
88221,100,20150410
88221,100,20151006
83286,100,20150617
83286,100,20151218
79573,100,20150520
79573,100,20151214
70024,98,20150915
77973,100,20150518
77973,100,20151106
89306,100,20150219
89306,100,20150825
77812,97,20150611
77812,99,20151203
89304,98,20150330
89304,99,20150923
82821,99,20150330
82821,100,20151106
54921,100,20150504
54921,100,20151119
93062,95,20150319
93062,100,20150415
93062,88,20150923
93062,100,20151013
67013,98,20150622
67013,100,20151223
71072,100,20151228
30745,91,20150406
30745,94,20150420
30745,92,20150928
81536,98,20150615
81536,98,20150722
81536,98,20160212
42242,97,20150710
42242,99,20160105
89969,100,20150319
89969,100,20150923
85539,100,20150427
85539,99,20151116
60544,92,20150729
60544,96,20150729
60544,98,20160112
39671,85,20150610
39671,89,20150623
39671,100,20150630
39671,95,20151117
71880,97,20150908
71880,98,20160208
76520,99,20150416
76520,98,20151021
30794,98,20150625
30794,98,20151201
31459,100,20150813
31459,76,20160209
31459,98,20160224
36043,100,20150813
36043,95,20160209
76790,100,20150713
76790,99,20160203
48387,95,20150602
48387,97,20151123
48691,99,20150527
48691,99,20151116
49229,97,20150626
49229,98,20151218
30759,96,20150414
30759,97,20151001
30756,98,20150420
30756,97,20151012
30761,98,20150527
30761,100,20151116
30757,100,20150714
30757,100,20160204
30762,100,20150402
30762,96,20150930
62651,98,20150513
62651,99,20151026
30760,100,20150521
30760,99,20151016
30758,96,20150311
30758,96,20150916
30763,95,20150403
30763,99,20150922
91858,99,20150630
91858,99,20151210
71289,100,20150227
71289,100,20150918
30904,98,20150513
30904,100,20151119
63815,96,20150225
63815,100,20150225
63815,95,20150914
63815,99,20150914
63815,100,20151015
30764,100,20150223
30764,99,20151006
32210,97,20150701
32210,95,20151229
80512,100,20150331
80512,100,20150928
30767,100,20150309
30767,96,20150828
30767,95,20150911
30767,100,20151026
30766,99,20150915
30766,100,20160107
30768,100,20150910
96454,95,20150429
96454,98,20151013
77498,94,20150423
77498,97,20151102
43117,95,20150406
43117,99,20151005
50280,96,20150618
50280,94,20151214
78050,100,20150622
78050,100,20151125
71975,96,20150331
71975,90,20151005
71975,94,20151015
38315,100,20150225
38315,100,20150902
38315,95,20160217
38315,100,20160217
89410,100,20150508
89410,86,20151123
89410,96,20151204
97036,98,20150915
31995,100,20150601
31995,100,20151116
60746,100,20150522
76625,100,20150310
76625,100,20150916
76625,100,20160107
71209,100,20150206
71209,100,20150803
71209,100,20160210
30773,100,20150624
30773,100,20151215
61166,99,20150622
61166,85,20151124
61166,94,20151124
75633,100,20151028
75633,100,20151223
75633,100,20160209
72696,91,20150629
72696,96,20150629
72696,96,20151218
72696,100,20151218
76013,88,20150807
76013,93,20150807
76013,95,20160104
89821,95,20150312
89821,98,20150312
89821,97,20150812
89821,96,20160204
67829,96,20150408
67829,98,20151215
61459,93,20150517
61459,89,20151103
61459,94,20151103
31780,97,20150224
31780,91,20151013
31780,100,20151026
85008,87,20150731
85008,92,20150814
85008,100,20150828
85008,94,20160108
41126,100,20151102
41126,100,20151208
94566,100,20150716
94566,100,20160208
30885,100,20150611
30885,98,20150909
66803,99,20150206
66803,100,20150909
61343,100,20150708
61343,100,20160115
30782,98,20150720
30782,90,20160107
30782,95,20160107
91909,97,20150611
91909,93,20151105
32402,96,20150710
32402,97,20160107
32215,90,20150804
32215,95,20150804
32215,98,20151117
61796,94,20150415
61796,98,20150415
61796,98,20151204
98933,100,20151222
98933,94,20160201
98933,98,20160212
30785,98,20150406
30785,97,20151013
58942,100,20150320
58942,100,20150930
56134,97,20150424
56134,96,20151012
56134,100,20151023
94180,98,20150625
94180,99,20151217
30784,96,20150326
30784,97,20150925
30789,98,20150320
30789,99,20150922
68766,99,20151009
93523,99,20150709
93523,100,20160201
57053,100,20150806
57053,99,20150911
32446,99,20150429
32446,100,20151118
31631,100,20150318
31631,100,20151027
31623,99,20150318
31623,100,20151027
91112,100,20150515
91112,98,20151030
90181,95,20150313
90181,97,20151013
30796,99,20150611
91880,99,20150624
91880,100,20151217
68202,100,20150714
68202,96,20160203
93444,100,20150210
93444,100,20150814
93444,100,20160114
31138,97,20150630
31138,97,20151215
62124,100,20150901
62124,100,20160129
30771,99,20150428
30771,100,20151120
32424,100,20150709
32424,89,20160104
32424,98,20160104
98748,100,20151209
67747,100,20150406
67747,100,20151007
76789,98,20150618
76789,100,20151222
92854,100,20150630
92854,100,20151221
30800,97,20150413
30800,98,20151020
30800,96,20151020
30799,96,20150429
30799,100,20151104
32307,100,20151209
72553,97,20150807
30804,100,20150204
30804,100,20150911
30797,100,20150321
30797,100,20150910
68675,97,20150401
68675,87,20150511
68675,95,20150511
68675,100,20151030
61165,97,20150223
61165,97,20150407
61165,99,20160211
37018,100,20150705
37018,99,20160107
76791,99,20150415
76791,97,20151027
76661,99,20150415
76661,98,20151027
31370,100,20150708
31370,100,20150914
31370,100,20160105
30689,72,20150312
30689,97,20150325
30689,96,20151008
96660,100,20150611
96660,100,20151113
30808,100,20150911
30808,100,20160112
92289,95,20150304
92289,99,20150319
92289,96,20150923
61878,95,20150331
61878,94,20150924
98068,100,20150813
98068,99,20150914
98068,97,20160216
56602,97,20150626
56602,97,20151210
96973,100,20150427
96973,100,20150528
96973,100,20151204
90209,98,20150430
90209,95,20151015
90867,99,20150430
90867,95,20151015
68559,98,20151015
30816,99,20150430
30816,98,20151015
30815,100,20150818
33085,97,20150930
97796,99,20150702
97796,93,20150803
97796,98,20150803
58029,100,20150415
58029,95,20151008
58029,100,20151008
64910,92,20150311
64910,96,20150311
64910,94,20151110
31454,100,20150414
31454,98,20150921
30821,100,20150211
30821,93,20150806
30821,97,20150806
30821,93,20150904
30821,98,20160209
84794,95,20150326
84794,97,20150729
84794,98,20160111
30824,97,20150626
30824,98,20151204
96668,99,20150616
96668,97,20151218
50119,96,20150317
50119,94,20150923
50119,95,20160208
52037,97,20150716
52037,100,20151123
52037,100,20151222
30827,100,20150316
30827,98,20150924
98141,99,20150904
98141,100,20160203
34431,100,20150909
90279,100,20150628
90279,100,20151229
94287,100,20150518
94287,100,20151112
65047,100,20150304
65047,100,20150923
31779,97,20150522
31779,97,20151102
30830,98,20150730
30830,94,20160202
30831,97,20150629
30831,97,20151215
30783,99,20150820
30783,99,20160128
47738,100,20150925
32521,96,20150513
32521,100,20151105
30869,96,20150529
30869,87,20151007
30869,97,20151023
30869,92,20151023
30869,92,20160204
30870,98,20150326
30870,98,20150921
30871,95,20150603
30871,95,20151210
77359,95,20150519
77359,99,20150519
77359,94,20151110
77359,99,20151123
80653,92,20150526
80653,96,20150526
80653,100,20150604
80653,100,20151117
30872,95,20150623
30872,96,20151217
30872,100,20151217
30873,100,20150209
30873,100,20150915
30873,96,20160208
68737,92,20150810
68737,96,20150903
75714,96,20150629
75714,89,20151209
75714,98,20151209
54982,97,20150316
54982,97,20150831
67299,97,20150629
67299,89,20151221
67299,95,20160108
30881,100,20150408
30881,100,20150818
65666,97,20150731
65666,98,20160204
47306,99,20150203
47306,99,20150818
47306,100,20160128
65030,98,20150629
65030,88,20151201
65030,97,20151201
75078,96,20150504
75078,94,20151014
48036,99,20150724
48036,99,20160106
70805,100,20150331
70805,100,20151109
74017,100,20150410
74017,100,20151006
38961,100,20150508
38961,100,20151111
98082,100,20150811
98082,100,20160119
93825,100,20150727
93825,100,20160106
93826,100,20150724
93826,99,20160106
32192,100,20150915
32192,100,20151015
76417,96,20150408
76417,100,20150408
76417,100,20151012
62322,95,20150406
62322,99,20150406
62322,100,20151005
64094,100,20150414
64094,100,20150516
64094,100,20151030
30889,99,20150724
30889,100,20160216
30678,98,20150408
30678,99,20150925
95975,92,20150225
95975,99,20150225
95975,97,20150818
37650,96,20150202
37650,90,20150831
37650,94,20150831
37650,81,20160204
37650,100,20160217
30893,99,20150629
30893,92,20151210
30893,96,20151210
55047,97,20150603
55047,98,20151113
79522,97,20150630
79522,98,20151209
96133,93,20150520
96133,98,20150520
96133,95,20151106
96133,100,20151106
90794,100,20150828
90794,100,20150929
89981,100,20150720
44583,92,20150624
44583,84,20151217
44583,89,20151217
30875,100,20150527
30875,100,20151027
30896,99,20151104
69882,98,20150213
69882,97,20150827
69882,100,20151013
81292,97,20150206
81292,96,20150826
81292,89,20160203
81292,98,20160203
30898,100,20150302
30898,100,20150811
30898,100,20160211
67108,80,20150601
67108,97,20150612
67108,95,20151228
32453,100,20150601
32453,100,20150722
32453,98,20151110
91129,100,20150227
91129,100,20150925
83911,100,20151112
86782,100,20151117
30899,82,20150625
30899,95,20150625
30899,96,20151204
52855,100,20150610
52855,100,20151118
62511,99,20150205
62511,99,20150811
60151,92,20150205
60151,100,20150304
60151,98,20150828
92043,100,20150625
92043,100,20151223
31022,98,20150401
31022,96,20151027
52351,90,20150611
52351,99,20150625
52351,73,20151111
52351,88,20151130
52351,99,20151204
52351,94,20160205
54377,96,20150609
54377,98,20151029
70478,98,20150619
70478,97,20151117
35287,100,20150512
35287,99,20151102
95866,99,20150514
95866,100,20151105
96623,100,20150210
96623,100,20150316
96623,100,20150904
70890,92,20150323
70890,98,20150929
70400,100,20150511
70400,100,20151015
71759,98,20150630
71759,99,20151130
50717,94,20150226
50717,97,20150922
74490,92,20150528
74490,91,20151112
89212,98,20150327
89212,94,20151023
89212,98,20151023
53562,100,20150423
53562,96,20151012
53562,99,20151012
30906,100,20150203
30906,100,20150818
30906,100,20160128
67304,98,20150225
67304,99,20150813
67304,99,20160129
46762,100,20150518
46762,100,20151102
73484,94,20150225
73484,99,20150813
73484,99,20160129
45621,100,20150304
45621,100,20150924
32256,99,20150422
32256,99,20151021
30907,95,20150622
30907,99,20150706
38576,99,20150622
56360,100,20150303
56360,100,20150921
49981,97,20150716
39214,82,20150520
39214,91,20150520
39214,98,20150529
39214,83,20151104
39214,97,20151104
74489,100,20150707
74489,100,20160115
62183,95,20150810
62183,98,20150810
62183,95,20150824
62183,95,20150908
62183,98,20150918
52206,99,20150312
52206,93,20150924
52206,98,20151008
52206,98,20160210
30941,100,20150422
30941,100,20151022
30944,100,20150520
30944,98,20151110
31984,95,20150304
31984,86,20150818
31984,95,20150818
31984,99,20160217
96527,95,20150630
96527,100,20150630
96527,95,20151217
90866,98,20150630
90866,99,20150831
90866,100,20151228
31107,89,20150622
31107,94,20150622
31107,97,20151217
31312,95,20151106
49627,96,20150402
49627,100,20150415
49627,100,20150929
78924,100,20150616
78924,100,20151124
93252,100,20150611
93252,94,20151201
93252,98,20151201
30909,100,20150408
30909,100,20150923
30909,100,20160208
92402,100,20150424
92402,100,20151118
82113,92,20150302
82113,97,20150302
82113,97,20150917
82113,98,20160204
66548,99,20150515
66548,99,20151209
76795,96,20150403
76795,98,20151001
76795,93,20160210
85947,98,20150317
85947,94,20150824
75004,98,20150911
75004,97,20160209
32996,100,20150519
32996,100,20151020
73758,94,20150311
73758,96,20150922
54656,94,20150624
54656,99,20150624
54656,100,20151229
30915,96,20150629
30915,96,20151230
30956,85,20150714
30956,93,20150714
30956,95,20160105
32044,99,20150304
32044,99,20150831
71625,100,20150223
71625,100,20150827
71625,96,20160219
71992,98,20150520
71992,97,20151117
96283,99,20150429
96283,100,20151110
47138,97,20150507
47138,98,20151105
69336,96,20150720
69336,96,20160128
69336,99,20160128
30925,100,20150721
30925,100,20160217
62888,95,20150926
62888,100,20150926
62888,100,20151121
95896,100,20150728
95896,100,20160108
45419,100,20150512
45419,99,20151210
32300,97,20150330
32300,96,20151013
44228,100,20150409
44228,99,20151007
94406,100,20150611
94406,100,20151209
66680,92,20150205
66680,100,20150219
66680,100,20150803
66680,100,20160211
91928,94,20150602
91928,96,20150615
91928,95,20151123
91928,99,20151123
73631,97,20150529
73631,92,20151031
59608,100,20151218
94033,100,20150615
94033,98,20151202
89763,100,20150408
89763,100,20151106
69638,97,20150625
69638,96,20151229
74907,100,20150713
74907,98,20160119
92754,96,20150403
92754,100,20150417
92754,100,20151210
30960,100,20150604
30960,100,20151119
61875,96,20150307
61875,99,20150814
61875,99,20160205
88313,100,20150330
88313,98,20151106
97512,100,20150529
97512,97,20150626
97512,99,20151223
84101,97,20150422
84101,100,20151027
30961,98,20150210
30961,99,20150611
30961,99,20151210
30963,98,20150401
30963,96,20150930
38432,97,20150407
38432,97,20150921
97511,100,20150608
97511,100,20151125
30965,99,20150820
95185,100,20150609
95185,100,20151203
79860,100,20150617
79860,100,20151202
78681,100,20150601
78681,100,20151105
70999,100,20160219
30966,99,20150820
30966,99,20160119
42866,98,20150908
37333,99,20150225
37333,99,20150818
37333,95,20160114
37333,98,20160202
88366,100,20150630
88366,100,20151230
75514,99,20150310
75514,99,20150901
75632,98,20150625
75632,100,20151207
54282,99,20150415
54282,99,20151020
86161,98,20150629
86161,98,20151105
86955,93,20150611
86955,98,20150611
86955,100,20151210
95452,93,20150617
95452,100,20150701
95452,96,20151201
30978,99,20150617
30978,100,20151111
31021,95,20150313
31021,90,20150313
31021,89,20150909
31021,94,20150909
63584,95,20150717
63584,98,20150831
63584,98,20160205
63275,98,20150709
63275,97,20160107
75722,96,20150422
75722,98,20151103
47139,97,20150521
47139,99,20151202
65981,100,20150922
65981,97,20151026
30990,100,20150223
30990,100,20150903
87125,100,20150611
87125,100,20151223
30995,98,20150512
30995,99,20151119
31491,92,20150422
31491,97,20150422
31491,88,20151008
31491,97,20151008
31494,90,20150529
31494,95,20150529
31494,93,20151124
31494,97,20151124
62056,97,20150622
62056,98,20151124
31615,100,20150630
31615,100,20151230
32515,92,20150409
32515,81,20150928
32515,91,20150928
68414,100,20150528
68414,100,20151214
95605,92,20150803
95605,95,20160216
49294,100,20150721
31171,96,20150622
31171,99,20150622
31171,100,20151222
69642,100,20150611
69642,100,20151223
31006,98,20150213
31006,99,20150923
31006,100,20160204
62841,100,20150402
62841,100,20150921
31008,95,20150420
31008,91,20151105
31008,100,20151105
47340,99,20150407
47340,99,20151016
66585,100,20150707
66585,98,20160113
64029,100,20150511
64029,100,20151020
96559,100,20150506
96559,100,20151027
31016,100,20150320
31016,98,20151214
53940,100,20150327
53940,100,20150917
61333,99,20150508
61333,97,20151118
62159,99,20150507
62159,98,20151109
66256,96,20150730
66256,98,20160112
56132,96,20150526
56132,99,20151125
32440,96,20150430
32440,96,20151102
31018,100,20150713
31018,100,20160107
69332,98,20150415
69332,97,20151020
72277,100,20150616
72277,100,20151229
90402,100,20150522
90402,96,20151013
37356,100,20150630
37356,100,20151216
87496,96,20150625
87496,94,20151230
99107,100,20160121
84961,94,20150629
84961,99,20150629
84961,98,20151230
65669,97,20150303
65669,99,20150929
67302,98,20150303
67302,99,20150929
68558,98,20150303
68558,93,20150929
68558,97,20150929
82346,98,20150205
82346,92,20150803
82346,98,20150814
94470,93,20150203
94470,98,20150220
94470,97,20150805
94470,99,20160126
96334,100,20150326
96334,97,20150917
98047,100,20150804
98047,94,20150904
98047,99,20150904
55114,98,20150527
55114,97,20151119
32022,97,20150616
32022,94,20151229
96605,91,20150629
93827,99,20150729
97047,100,20150327
97047,100,20151030
75036,90,20150608
75036,97,20150622
75036,100,20151201
31044,100,20150710
31044,100,20160108
93771,100,20150324
93771,100,20150923
69420,100,20150205
69420,99,20150916
69420,100,20160113
95479,100,20150629
95479,100,20151215
96279,100,20150324
96279,100,20151109
96279,100,20151119
96822,70,20150805
96822,95,20150818
76884,97,20150226
76884,94,20150925
80751,96,20150414
80751,98,20151021
86918,93,20150622
86918,80,20151208
86918,89,20151208
31592,96,20150911
32479,100,20150610
32479,92,20151123
32479,97,20151123
97621,100,20150805
97621,93,20160127
97621,99,20160210
81712,98,20150630
81712,96,20151210
67778,78,20150902
67778,96,20150917
67778,87,20160205
69603,100,20150210
69603,99,20150711
69603,99,20160203
74015,94,20150312
74015,85,20151012
74015,93,20151026
31012,97,20150210
31012,95,20150818
31012,98,20150903
96866,100,20150204
96866,80,20150720
96866,99,20150731
96866,100,20160108
64268,100,20150610
64268,100,20151208
89752,96,20150212
89752,95,20150811
89752,100,20150824
62113,98,20150618
62113,99,20151210
81390,90,20150501
81390,94,20150501
81390,93,20151020
81390,97,20151020
72708,100,20150609
72708,99,20151110
96350,99,20150529
96350,100,20151113
76396,93,20150225
76396,97,20150225
76396,96,20151112
58718,100,20150521
58718,100,20151106
86708,98,20150409
86708,97,20151007
86714,100,20150629
86714,100,20151222
31624,100,20150318
31624,100,20151027
87760,100,20150318
87760,100,20151027
35860,99,20150713
98067,100,20150805
98067,100,20150915
83768,93,20150220
83768,100,20150312
83768,100,20150810
83768,92,20160114
83768,97,20160114
42875,98,20150318
42875,100,20151019
90818,94,20150629
90818,99,20150710
90818,98,20151210
60888,89,20150604
60888,100,20150617
60888,99,20151120
31073,99,20150625
31073,99,20160107
31072,100,20150625
31072,100,20160107
31070,93,20150625
31070,98,20150625
31070,98,20160107
30942,100,20150807
30942,97,20160112
47556,87,20150601
47556,96,20150612
47556,100,20151207
51962,100,20150904
75019,100,20150625
75019,100,20151203
43388,95,20150602
43388,96,20151117
35843,99,20150402
35843,97,20151012
31104,99,20150518
31104,93,20151123
32207,100,20150519
32207,100,20151103
46590,99,20150805
46590,95,20160112
50583,92,20150430
50583,96,20150430
50583,99,20151012
59209,99,20150310
59209,97,20150813
59209,100,20160219
79784,99,20150624
79784,100,20151208
89221,100,20150904
89221,100,20150926
89221,98,20151121
89403,100,20150625
89403,100,20151230
95814,100,20150730
95814,99,20160205
77652,100,20150406
77652,100,20150929
54104,100,20150319
54104,96,20151001
87711,99,20150612
87711,91,20151207
87711,99,20151207
69007,100,20150609
69007,100,20151116
91424,97,20150528
91424,99,20151209
95028,99,20150626
95028,99,20151210
93629,100,20150203
93629,100,20150806
59137,100,20150529
59137,100,20151110
90334,100,20150316
90334,100,20150820
90334,100,20160211
49093,97,20150323
49093,99,20150921
98342,100,20150820
98342,97,20151118
76794,98,20150622
76794,96,20151125
45420,100,20150612
45420,100,20151202
31101,91,20150429
31101,95,20150429
31101,91,20151116
94359,96,20150416
94359,96,20151027
67306,100,20150209
67306,100,20150810
67306,98,20160211
30851,96,20150926
30851,98,20151121
30856,100,20150926
30856,98,20151121
30858,100,20150926
30858,98,20151121
34395,100,20150926
34395,99,20151121
31613,100,20150421
31613,100,20151120
31129,100,20150227
31129,100,20150914
31127,95,20150512
31127,99,20150512
31127,100,20151201
64667,99,20150507
64667,99,20151027
30790,88,20150625
30790,95,20150625
30790,98,20151229
70021,100,20150521
70021,100,20151104
31133,100,20150317
31133,100,20150918
86549,100,20150602
86549,100,20151111
85020,100,20150316
85020,100,20150917
64102,85,20150629
64102,96,20150714
64102,83,20151217
64102,93,20151217
48510,100,20150430
48510,100,20151009
44790,98,20150619
44790,97,20151209
31144,100,20150206
31144,100,20150521
31144,100,20150824
31144,100,20160126
94895,100,20150227
94895,100,20150826
63610,100,20150406
63610,100,20151005
65285,90,20150413
65285,98,20150413
65285,98,20151020
31637,98,20150318
31637,100,20151027
32222,92,20150505
32222,100,20150515
32222,100,20151214
42487,98,20150526
42487,100,20151105
93421,98,20150630
93421,92,20151229
93421,98,20160113
59210,97,20150323
59210,98,20150923
66606,95,20150226
66606,93,20150916
48160,95,20150608
48160,99,20151210
62652,99,20150722
62652,98,20160208
75079,100,20150618
75079,100,20151210
84546,95,20150717
84546,100,20150717
84546,98,20160204
70989,100,20150611
70989,100,20151201
68357,100,20150227
68357,100,20150827
90207,100,20150417
90207,100,20151020
92948,100,20150603
92948,100,20151028
97492,100,20150513
97492,94,20151229
97492,100,20160113
74801,99,20150630
74801,97,20151216
32459,99,20150914
96491,100,20150501
96491,100,20151124
31626,99,20150318
31626,99,20151027
82657,100,20150318
82657,100,20151027
82656,100,20150318
82656,100,20151027
38434,94,20150610
38434,99,20150610
31187,92,20150429
31187,97,20150429
31187,88,20151027
31187,93,20151027
64695,100,20150723
64695,100,20150728
96281,98,20150416
96281,100,20150601
96281,100,20150722
96281,95,20151110
96281,100,20151110
63834,100,20150527
63834,100,20151112
32962,98,20150629
32962,99,20151216
30691,99,20150331
30691,99,20151112
33185,99,20150721
33185,98,20160113
92183,96,20150807
92183,100,20150807
88877,98,20150312
68007,100,20150409
68007,100,20151002
55660,100,20150727
55660,97,20160218
33007,87,20150707
33007,91,20150707
33007,99,20160107
64988,100,20150512
64988,100,20151026
63381,99,20150505
63381,100,20151027
88808,88,20150609
88808,96,20150609
88808,97,20151118
71769,100,20150623
71769,100,20151208
71769,100,20160202
52854,100,20160204
68804,98,20150602
68804,96,20151204
57694,85,20150622
57694,93,20150622
57694,83,20151209
57694,100,20151217
31651,98,20150311
31651,97,20151015
62853,100,20150827
78765,89,20150203
78765,100,20150804
38575,98,20150629
38575,97,20151217
87249,94,20150611
87249,87,20151202
87249,98,20151217
31197,97,20150206
31197,98,20150804
31197,98,20160127
31198,97,20150617
31198,95,20151123
31284,95,20150714
31284,96,20150720
31284,91,20160212
31284,95,20160212
31287,100,20150212
31287,100,20150918
64432,100,20150302
64432,98,20150902
64432,97,20160212
31770,99,20150421
31770,95,20151015
31770,99,20151015
98558,100,20151117
92623,99,20150227
92623,91,20150817
92623,90,20150828
92623,95,20150904
92623,100,20150911
91842,100,20150515
31295,100,20150313
90782,100,20150618
90782,100,20151222
31114,99,20150408
94973,100,20150227
94973,99,20150828
96932,100,20150223
96932,100,20150916
64591,100,20150609
64591,100,20151120
32443,100,20150430
32443,100,20151125
62083,92,20150612
62083,96,20150807
62083,99,20151109
32196,98,20150624
32196,99,20151229
31309,100,20150603
31309,98,20151106
79638,100,20150729
79638,100,20160216
81432,100,20150717
81432,100,20160119
97441,100,20150622
97441,98,20151214
97441,100,20160105
96983,100,20150511
96983,98,20151105
31350,100,20150630
31350,98,20151230
95454,100,20150529
95454,100,20151027
74525,100,20150521
74525,99,20151026
68322,97,20150714
68322,100,20150714
36806,96,20150325
36806,99,20150917
98676,100,20151111
45280,97,20150303
45280,89,20150831
45280,96,20150914
77360,100,20151021
65316,100,20150618
65316,96,20151202
95369,90,20150505
95369,98,20150518
95369,97,20151105
31361,89,20150630
31361,97,20150707
31361,95,20151228
67893,91,20150623
67893,96,20150721
67893,96,20151223
94256,91,20150615
94256,100,20151207
31367,96,20150311
31367,84,20150903
31367,89,20150903
31367,100,20150915
78800,100,20150327
78800,95,20150924
71881,100,20150630
71881,98,20151215
31369,98,20150630
31369,96,20151215
69226,96,20150616
69226,97,20151130
31465,99,20150407
31465,94,20151215
31465,97,20151215
31467,100,20150602
31467,99,20150722
75988,98,20150220
75988,96,20150909
31469,100,20150203
31469,100,20150227
31469,99,20150930
38744,98,20150720
38744,99,20160128
36232,97,20150428
36232,100,20150428
36232,97,20151012
36232,97,20151023
36232,100,20151030
49479,100,20150427
49479,100,20151119
74274,78,20160211
31476,100,20150428
31476,100,20150811
81252,95,20150625
81252,99,20150625
81252,98,20151228
63380,97,20151215
90691,96,20150311
90691,100,20150311
90691,100,20150903
32485,95,20150630
32485,90,20151202
32485,94,20151202
94476,97,20150622
94476,94,20151217
94476,98,20151217
54852,99,20150618
54852,97,20151214
78254,100,20150929
78254,99,20151029
31486,100,20150225
31486,99,20150824
31486,100,20160204
55701,95,20150320
55701,86,20150326
55701,86,20150930
55701,87,20151014
55701,97,20151021
31693,96,20150312
31693,95,20151007
31693,95,20151021
92381,98,20150721
92381,95,20160218
75702,86,20150618
75702,100,20150701
75702,95,20151217
75702,99,20151217
98977,100,20160128
31499,100,20150409
31499,100,20151012
31499,98,20160203
59138,100,20150518
59138,100,20151027
74601,100,20150202
74601,100,20150803
74601,97,20160217
88473,98,20150813
88473,100,20160201
94938,100,20150202
94938,93,20150806
94938,97,20150806
94938,98,20160129
97370,100,20150506
97370,100,20151102
30950,98,20150507
30950,97,20151105
64873,92,20150522
64873,96,20150601
64873,86,20151118
64873,100,20151202
80476,98,20150527
80476,91,20151201
80476,100,20151215
87515,98,20150629
87515,89,20151209
87515,98,20151221
89773,100,20150403
89773,100,20150612
89773,100,20151203
93836,100,20150521
93836,98,20151030
35840,100,20150227
35840,100,20150813
75992,100,20150324
75992,98,20150921
69163,96,20150511
69163,93,20151102
38962,97,20150603
38962,97,20151130
30792,100,20160128
48396,82,20150612
48396,100,20150625
48396,96,20151118
32267,100,20150413
32267,100,20151002
31508,92,20150224
31508,92,20150317
31508,95,20150324
31508,96,20150818
32511,99,20150528
32511,97,20151111
31519,100,20150211
31519,100,20150929
31519,100,20160202
74909,98,20150709
74909,100,20160115
95726,98,20150415
95726,97,20151021
76416,100,20150723
76416,100,20160112
93864,99,20150710
93864,98,20160114
62729,100,20150219
62729,98,20150903
40751,100,20150331
40751,99,20150813
73839,87,20150804
73839,96,20150804
73839,100,20160210
90472,90,20150203
90472,90,20150220
90472,95,20150220
90472,74,20150805
90472,95,20150819
90472,95,20160126
64847,99,20150202
64847,98,20150727
64847,100,20160129
45109,100,20150618
45109,100,20151208
31625,100,20150318
31625,100,20151027
31546,96,20150203
31546,92,20150803
31546,97,20150803
31546,92,20160212
31547,88,20150528
31547,95,20150609
31547,91,20151125
31547,95,20151125
31549,96,20150520
31549,96,20151110
31582,100,20150302
31582,94,20150819
31585,98,20150210
31585,93,20150812
31585,96,20150821
31585,96,20160212
33170,98,20150520
33170,98,20151029
62727,97,20150713
62727,98,20160201
96116,100,20150428
96116,98,20151012
30775,94,20150609
30775,98,20150609
30775,99,20151208
64768,99,20150622
64768,99,20151117
31617,88,20150326
31617,97,20150326
31617,100,20150922
62191,100,20150623
62191,100,20151208
48565,100,20150323
48565,100,20150917
61674,99,20150414
61674,98,20151027
56507,100,20150309
56507,100,20150918
80467,100,20150715
80467,100,20160107
68005,99,20150610
68005,92,20151119
68005,96,20151119
30573,100,20150708
30573,100,20151124
96054,100,20150319
96054,100,20150916
77853,100,20150601
77853,97,20151111
31554,100,20150403
31554,99,20150922
31553,100,20150403
31553,100,20150925
31556,100,20150528
31556,99,20151111
52248,94,20150611
52248,90,20151221
52248,94,20151221
30845,100,20150926
30845,100,20151121
30853,99,20150926
30853,98,20151121
30844,100,20150926
30844,98,20151121
34387,100,20150926
34387,100,20151121
96278,94,20150428
96278,99,20150428
96278,100,20151119
96427,100,20151119
83492,88,20150203
83492,93,20150220
83492,86,20150805
83492,89,20160126
59139,85,20150630
59139,90,20150717
59139,100,20150723
59139,94,20160128
31564,94,20150304
31564,99,20150304
31564,97,20150915
31562,94,20150611
31562,98,20151208
50117,97,20150630
50117,99,20151217
31565,94,20150611
31565,98,20150624
31565,91,20151203
40343,100,20150622
40343,94,20151215
40343,99,20151215
33271,100,20150630
33271,99,20151229
44650,100,20150330
44650,100,20150924
67895,94,20150410
67895,96,20151006
83293,97,20150617
83293,95,20151218
83293,90,20151218
79572,96,20150520
79572,94,20151214
31561,98,20150910
70142,100,20150513
70142,98,20150622
70142,97,20151210
66977,96,20150209
66977,93,20150211
66977,97,20150211
66977,91,20150817
66977,96,20160211
63153,71,20150717
63153,85,20150730
63153,82,20150805
63153,83,20150812
63153,92,20150812
31132,94,20150325
31132,93,20151109
59609,92,20150722
59609,89,20150722
59609,96,20160119
98745,100,20151113
63640,99,20150226
63640,90,20160105
63640,98,20160105
97091,100,20150512
97091,96,20151215
43559,92,20150601
43559,97,20150601
43559,100,20151117
98035,100,20151211
98035,99,20160107
88182,90,20150528
88182,98,20150609
88182,96,20151218
31007,93,20150624
31007,96,20151215
31595,97,20150520
31595,95,20151228
31597,98,20150612
31597,100,20151202
31600,100,20150209
31600,100,20150925
90689,100,20150327
90689,100,20150925
31602,100,20150329
31602,99,20150922
31605,100,20150312
31605,100,20151008
31605,100,20160203
94230,100,20150528
94230,100,20151105
92801,100,20150722
96992,93,20150304
96992,100,20150401
96992,100,20150504
96992,94,20151124
96992,98,20151124
93445,95,20150330
93445,99,20151019
69296,94,20150630
49170,100,20150408
49170,100,20150922
31652,100,20150210
31652,100,20150917
76026,100,20150504
76026,100,20151014
31067,93,20150529
31067,94,20151209
31069,96,20150630
31069,96,20151229
31610,86,20150629
31610,93,20150629
31610,94,20151230
75308,91,20150616
75308,95,20150616
75308,91,20151209
75308,95,20151209
75979,98,20150227
75979,96,20150813
75979,98,20160217
31612,100,20150226
31612,100,20150916
31635,94,20150318
31635,98,20150318
31635,97,20151027
31636,100,20150318
31636,99,20150318
31636,98,20151027
31534,99,20150409
31534,99,20151007
51713,96,20150326
51713,96,20150924
51713,100,20150924
63151,100,20150619
63151,98,20151217
31648,97,20150623
90416,99,20150325
90416,100,20151002
62815,99,20150325
62815,97,20151002
65010,100,20150325
65010,100,20151002
31619,96,20150325
31619,100,20150325
31619,100,20151002
31639,98,20150623
31639,88,20151204
31639,93,20151204
31640,99,20150520
31640,100,20151228
90339,96,20150608
90339,100,20150608
90339,99,20151027
69339,99,20150302
69339,98,20150918
72011,100,20150430
72011,100,20151110
72011,99,20160202
31641,100,20150424
31641,100,20151013
58584,99,20150310
58584,99,20151012
31140,98,20150618
31140,99,20151119
86108,99,20150319
62513,97,20150520
62513,100,20151109
31643,91,20150224
31643,96,20150224
31643,93,20150924
31643,100,20151014
31643,99,20160114
77815,99,20150205
77815,99,20150826
30883,98,20150206
30883,100,20150902
30883,100,20160211
31649,100,20150925
93890,98,20150206
93890,100,20150718
85076,100,20150723
85076,100,20160108
82073,100,20150916
63161,95,20150401
63161,99,20150401
63161,98,20150929
66979,92,20150226
66979,96,20150226
66979,93,20150902
66979,98,20150902
30874,100,20150401
30874,100,20151001
72763,99,20150206
72763,97,20150810
72763,99,20160204
54922,99,20150520
54922,98,20151105
96689,96,20150604
96689,100,20150604
96689,100,20151120
96773,98,20150730
96773,98,20160113
48865,91,20150720
48865,96,20150720
48865,100,20160105
62854,100,20150225
62854,100,20150909
66936,96,20150518
66936,96,20151113
74414,96,20150213
74414,97,20150722
74414,96,20160202
31760,98,20150811
31760,100,20160129
75331,95,20150309
75331,100,20150309
75331,100,20150911
98142,100,20150820
98142,100,20151016
98142,98,20160208
63097,84,20150729
63097,89,20150729
63097,89,20160112
63097,93,20160112
32481,98,20150609
32481,100,20151203
74940,97,20150602
74940,100,20151120
31711,98,20150512
31711,99,20151027
31701,96,20150407
31701,96,20151105
61454,97,20150618
31725,88,20150430
31725,93,20150430
31725,73,20151014
31725,81,20151014
31725,87,20151028
31725,92,20151028
45453,86,20150202
45453,69,20150901
45453,87,20150901
48874,100,20160121
33179,99,20150619
33179,100,20151218
31736,98,20150304
31736,99,20150917
32517,96,20150226
32517,97,20150609
32517,96,20150826
55898,100,20150619
94733,100,20160121
65545,100,20151130
86979,95,20150529
86979,100,20150529
86979,100,20151120
96526,96,20150728
96526,100,20160114
50321,86,20150608
50321,96,20150623
50321,95,20151208
83433,99,20150602
83433,100,20151113
31628,99,20150318
31628,98,20151027
30850,100,20150903
30850,99,20150926
30850,100,20150926
30850,100,20151121
31533,100,20150409
31533,96,20151007
31533,99,20151007
86711,100,20150409
86711,99,20151007
87028,95,20150611
87028,97,20151214
31744,99,20150513
94829,100,20150331
94829,100,20150930
64612,96,20150610
64612,85,20151207
64612,94,20151207
81350,97,20150629
81350,100,20151215
59830,97,20150629
59830,99,20151210
78857,93,20150611
78857,97,20150611
78857,92,20151105
78857,97,20151105
57693,91,20150616
57693,100,20150706
57693,99,20151202
74990,94,20150325
74990,98,20150325
74990,96,20150924
32973,89,20150422
32973,86,20150505
32973,94,20150505
32973,96,20151023
41125,100,20150728
41125,99,20160203
86726,98,20150721
86726,91,20160104
86726,96,20160104
77200,99,20150722
77200,98,20160107
63423,96,20150715
63423,96,20160105
88423,96,20151029
32261,100,20150618
32261,100,20151228
31761,100,20150326
31761,100,20150924
44287,98,20150616
44287,93,20150831
44287,97,20150831
69424,100,20150415
69424,100,20150928
63536,100,20150910
63536,99,20160201
41853,96,20150707
41853,98,20160107
57081,100,20150317
57081,98,20151012
57081,99,20160201
31763,100,20150213
31763,100,20150928
56509,88,20150414
56509,92,20150414
56509,93,20151112
31765,100,20150225
31765,100,20150825
31765,100,20160212
43424,100,20150629
43424,100,20151218
31768,100,20150724
31768,100,20160106
31769,100,20150326
31769,99,20150921
90195,100,20160111
54985,100,20150715
54985,100,20151222
31771,100,20150323
31771,98,20150917
31774,98,20150805
31776,95,20150529
31776,99,20150529
31776,91,20151104
31776,96,20151104
31778,95,20150715
31778,100,20150804
31778,95,20160104
31778,99,20160126
56836,99,20150312
56836,99,20150929
61196,100,20150206
61196,100,20150715
61196,95,20160205
62236,100,20150629
62236,98,20151229
63424,92,20150721
64638,95,20150804
64638,99,20150804
64638,91,20160129
64638,96,20160129
71210,96,20150225
71210,100,20150827
95900,99,20150206
95900,99,20150817
95900,99,20160204
96367,98,20150623
96367,96,20151230
31777,98,20150210
31777,93,20150826
31777,97,20150826
31772,90,20150416
31772,94,20150416
31772,93,20151028
42873,96,20150626
42873,95,20151230
31773,100,20150403
31773,98,20150924
31781,100,20150213
31781,100,20150922
31973,100,20150513
31973,100,20151105
65872,100,20150401
65872,100,20151012
63204,98,20150629
63204,100,20151207
63445,100,20150209
63445,100,20150225
63445,100,20150818
60843,97,20150303
60843,100,20150429
60843,100,20150528
60843,100,20150928
60841,95,20150202
60841,85,20150714
60841,91,20150714
60841,91,20160125
60841,95,20160125
69920,99,20150416
69920,100,20151012
31976,98,20150318
31976,99,20151021
79519,96,20150331
79519,100,20150331
79519,97,20151102
92993,98,20150617
92993,97,20151210
45726,98,20150617
45726,100,20151109
85262,96,20150615
85262,100,20151028
97693,100,20150618
97693,97,20151209
97693,100,20151209
31193,90,20150806
31193,95,20160201
51398,100,20150312
51398,100,20150911
31983,100,20150204
31983,100,20150922
31983,100,20160111
32018,100,20150813
32018,90,20150930
32018,95,20150930
88572,100,20150723
88572,100,20160201
60153,100,20150911
60153,100,20150916
35891,95,20150518
35891,91,20150910
35891,95,20151102
59335,99,20150911
72018,87,20150312
72018,95,20150325
72018,95,20151001
62328,100,20150911
62328,94,20151009
62328,97,20151023
62328,100,20151102
50438,93,20150904
50438,96,20150904
50438,90,20160212
31497,96,20150916
31497,96,20150922
31497,99,20151005
31497,100,20160217
50631,96,20150915
42078,90,20150917
42078,94,20150917
42078,95,20151105
31473,96,20150915
62827,96,20150914
32994,97,20150909
62111,100,20150904
46898,98,20150904
48825,96,20150904
34103,97,20150910
34103,100,20160201
64622,98,20150904
32467,97,20160216
94143,100,20150327
94143,98,20150917
44452,97,20150212
44452,84,20150831
44452,97,20150914
44452,96,20160216
43115,100,20150226
43115,100,20150817
43115,100,20160211
76793,99,20150601
76793,100,20151113
80175,99,20150624
80175,97,20151216
84976,100,20150529
84976,100,20151027
89867,95,20150717
89867,99,20150717
89867,100,20160208
93419,99,20150602
93419,99,20160107
32011,100,20150507
32011,99,20150827
32011,99,20160128
30894,90,20150901
30894,98,20150914
86039,97,20150629
86039,99,20151210
71063,91,20150204
71063,92,20150309
71063,89,20150617
71063,90,20151210
71063,95,20151222
49749,92,20150602
49749,97,20150602
49749,98,20151123
71366,100,20150902
71366,98,20151104
35696,90,20150225
35696,94,20150407
35696,96,20150407
35696,96,20150826
35696,74,20160218
96066,97,20150302
96066,96,20150922
96066,100,20151005
96066,100,20160209
40798,99,20150918
40798,95,20160111
40798,98,20160126
94120,93,20150602
94120,96,20151214
87712,97,20150528
87712,99,20151222
44731,97,20150610
44731,96,20151106
47076,94,20150623
47076,97,20150623
47076,97,20151216
94390,98,20150720
94390,100,20160208
79974,100,20150515
79974,96,20151116
79974,100,20151116
71470,97,20150423
71470,90,20151014
93683,100,20150202
93683,90,20150806
93683,89,20160204
93683,100,20160217
48520,96,20151230
78803,99,20150602
78803,99,20151211
68201,85,20150429
68201,100,20150513
68201,95,20151012
68201,100,20151026
68201,100,20160208
96525,100,20150429
96525,100,20151118
96561,100,20150716
82212,95,20150911
99159,100,20160212
87131,96,20150727
87131,98,20160111
97035,95,20150320
97035,100,20150903
97173,98,20150518
97173,100,20151103
31708,99,20150310
31708,100,20150928
36606,100,20151002
91605,99,20150219
91605,99,20150812
91605,94,20160210
64920,100,20150320
64920,100,20150818
55166,100,20150403
32034,100,20150819
37812,100,20150303
37812,100,20150909
71495,99,20150416
71495,100,20151015
49234,95,20150317
49234,99,20150317
49234,98,20150925
62320,95,20150629
62320,93,20151217
32037,97,20150223
32037,89,20150826
32037,85,20150908
32037,93,20150918
32037,93,20160208
32038,97,20150529
32038,97,20151104
30812,97,20150515
30812,100,20151218
32040,86,20150513
32040,93,20150527
32040,100,20151030
61793,94,20150629
61793,95,20151207
31740,98,20150805
31740,100,20150805
31740,100,20160129
87961,100,20150415
87961,100,20151009
87961,99,20151028
32042,100,20150309
32042,100,20150903
34288,100,20150205
34288,100,20150805
34288,100,20150922
30776,100,20150730
30776,100,20160125
34275,92,20150312
34275,98,20150325
34275,99,20150924
86899,95,20150209
86899,98,20150810
86899,100,20160209
61335,100,20150630
61335,98,20151204
49212,100,20150226
49212,100,20150921
74975,100,20150717
74975,96,20160219
74975,100,20160219
32046,100,20150706
49634,98,20150528
49634,89,20151112
49634,94,20151112
60694,100,20150901
60694,100,20160204
53663,100,20150504
53663,100,20151217
41646,93,20150612
41646,98,20150612
41646,98,20151203
66667,94,20150514
66667,89,20150519
66667,97,20150928
98344,100,20150820
98344,100,20151113
38324,100,20150717
38324,100,20160115
42658,97,20150303
42658,92,20150929
42658,96,20150929
75859,93,20150629
75859,98,20150629
75859,100,20151204
32050,90,20150623
32050,98,20150707
32050,95,20151228
32050,99,20151228
31590,100,20150508
31590,100,20151030
97544,96,20150528
97544,96,20151124
80453,100,20150302
80453,96,20150923
80453,98,20151006
80453,96,20160218
85725,100,20150331
85725,100,20151109
75980,95,20150224
75980,94,20150916
88010,100,20150416
88010,100,20150601
88010,100,20150722
88010,98,20151110
87430,100,20150424
87430,100,20151009
76650,96,20150630
76650,99,20151214
97925,100,20150728
97925,100,20160209
41379,99,20150330
41379,95,20150929
41379,99,20150929
62657,100,20150820
62657,96,20160112
59875,99,20150316
59875,99,20150924
62733,93,20150713
62733,100,20150728
62733,98,20160106
49867,91,20150617
49867,96,20150630
49867,95,20151030
49867,100,20151030
46294,98,20150528
46294,96,20151123
43483,95,20150730
43483,100,20160107
32398,98,20150713
32398,97,20160114
44915,100,20150225
44915,100,20150903
44915,100,20160211
90382,100,20150529
90382,100,20151104
98750,100,20151123
31300,99,20150508
31300,100,20151214
32054,98,20150615
32054,98,20151202
49132,100,20150527
49132,100,20151116
82152,90,20150804
82152,98,20150804
82152,98,20160125
89322,98,20150501
89322,98,20151021
97766,100,20150622
97766,100,20151204
32470,94,20150209
32470,97,20150805
32470,94,20160202
82226,100,20151209
63726,100,20150610
63726,97,20151203
34281,97,20150617
34281,96,20151123
68008,97,20150304
68008,99,20150915
57009,99,20150406
57009,89,20150929
57009,99,20151009
57009,95,20160204
59336,99,20150326
59336,98,20150921
64911,96,20150602
64911,99,20151210
66328,87,20150720
66328,97,20150804
64916,100,20150616
64916,99,20151209
32161,100,20150811
79541,93,20150203
79541,100,20150220
79541,92,20150805
79541,100,20150819
79541,100,20160126
31408,96,20150713
31408,98,20160114
96118,98,20150304
96118,100,20150909
30695,98,20150603
30695,87,20151109
30695,98,20151120
68612,96,20150601
68612,100,20151203
95259,95,20150608
95259,100,20151209
32164,100,20150204
32164,100,20150917
98555,100,20151009
98555,100,20151117
99219,100,20160212
96645,94,20150630
96645,99,20150630
96645,91,20151218
96645,96,20151218
98645,100,20151012
43023,97,20150514
43023,97,20151112
95457,100,20150528
95457,100,20151113
93457,98,20150304
93457,94,20150902
93457,100,20150915
93457,100,20160209
67608,91,20150316
67608,97,20150330
67608,97,20150925
32174,92,20150625
32174,91,20151207
32174,94,20151218
32182,92,20150707
32182,96,20160113
43813,93,20150515
43813,97,20150515
43813,95,20150528
43813,97,20150603
43813,97,20151125
44885,100,20150406
44885,98,20150930
68564,93,20150402
68564,97,20150402
68564,98,20150413
68564,99,20151002
43877,95,20150622
43877,98,20151208
54106,97,20150204
54106,100,20150724
54106,96,20160211
88148,100,20150414
88148,100,20151020
98886,100,20151217
41508,98,20150302
41508,99,20150916
36048,95,20150330
36048,94,20150930
53922,90,20151214
85934,100,20150804
78537,100,20150327
78537,88,20151016
78537,92,20151016
98609,99,20151022
81615,95,20150604
81615,91,20151117
81615,95,20151117
96246,82,20150324
96246,87,20150324
96246,91,20151005
96246,96,20151005
72188,96,20150319
72188,96,20150925
31293,91,20160216
31293,99,20160218
31632,97,20150318
31632,100,20151027
31630,99,20150318
31630,98,20151027
66326,94,20150226
66326,98,20150827
31232,91,20150202
31232,99,20150309
31232,98,20150911
73821,95,20150312
73821,98,20150312
73821,100,20150811
73821,97,20160219
81053,95,20150204
81053,99,20150911
81476,88,20150521
81476,92,20150521
81476,96,20151111
98871,87,20151207
98871,89,20151218
98871,96,20151229
98871,92,20151229
68382,100,20150709
68382,100,20160115
57232,94,20150407
57232,99,20150407
57232,100,20151014
82838,98,20150602
82838,98,20151216
32294,90,20150415
32294,94,20150415
32294,96,20151216
93539,90,20150401
93539,97,20150416
93539,92,20150416
93539,94,20151016
42004,99,20150807
62842,96,20150630
62842,90,20151201
62842,95,20151201
32199,99,20150501
32199,100,20151006
48161,100,20150713
48161,98,20160219
79020,100,20150211
79020,100,20150811
79179,99,20150316
79179,99,20150817
79179,99,20160212
42656,97,20160218
32201,98,20160205
36635,97,20160205
49868,98,20160204
49868,98,20160208
61341,96,20150626
61341,93,20151210
63058,99,20150911
63058,97,20160204
65709,99,20150629
65709,99,20151204
94633,99,20150227
94633,98,20150918
47516,98,20150226
47516,92,20150904
30862,100,20150903
30862,91,20150926
30862,95,20150926
30862,99,20151121
93651,87,20150316
93651,98,20150327
93651,99,20150930
77202,100,20150304
77202,96,20150915
31634,98,20150318
31634,100,20151027
82658,100,20150318
82658,100,20151027
82659,98,20150318
82659,100,20151027
32211,93,20150407
32211,98,20150407
32211,98,20151001
61197,98,20150327
61197,99,20150922
32311,97,20150402
32311,73,20151009
32311,85,20151009
32311,100,20151023
64846,94,20150720
64846,100,20160108
44178,95,20150717
44178,100,20150730
44178,97,20160106
68739,96,20150609
68739,96,20151216
98556,100,20151015
98556,100,20151118
75216,90,20150325
75216,95,20150325
75216,90,20150921
75216,95,20150921
32219,98,20150826
32219,97,20160216
30982,98,20150209
30982,98,20150728
89979,94,20151207
89979,98,20151207
30891,99,20150608
30891,100,20151202
30868,98,20150513
30868,94,20151104
84947,97,20150617
84947,88,20151214
84947,94,20160203
84947,89,20160203
96277,100,20150331
96277,100,20151120
97052,100,20150409
97052,100,20150528
97052,100,20151209
68195,97,20150626
68195,95,20151208
68195,98,20151208
56865,100,20150513
56865,100,20151030
94860,100,20150210
94860,100,20150710
94860,100,20160210
58509,100,20150430
58509,100,20150921
31695,100,20150318
31695,98,20150817
30818,92,20150316
30818,95,20150818
32224,100,20150205
32224,100,20150807
32224,100,20160108
43235,100,20150209
43235,96,20150729
32230,100,20150921
31724,99,20150626
31724,98,20151223
83561,97,20150623
83561,93,20151215
83561,96,20151215
31023,100,20150312
31023,92,20150915
31023,96,20150915
31023,100,20150925
33076,94,20150624
33076,94,20151218
56945,94,20150915
56945,99,20150915
65100,100,20150330
65100,100,20151021
74859,98,20150521
74859,98,20151106
69006,99,20150910
95504,94,20150709
95504,100,20150722
32239,98,20150710
32239,99,20160104
32977,98,20150709
45117,98,20150624
45117,97,20151203
76398,93,20150501
76398,97,20150501
76398,97,20151013
81811,100,20150312
81811,100,20150915
43189,88,20150414
43189,93,20150414
43189,100,20151008
63963,93,20150622
63963,94,20150706
63963,96,20151210
93630,98,20150420
93630,97,20151005
80011,97,20150602
80011,98,20151123
67154,100,20150325
67154,100,20150921
33451,90,20150601
33451,100,20150601
33451,100,20151020
89799,100,20150527
89799,100,20151202
78680,100,20150908
30890,98,20150611
30890,97,20151201
32246,100,20150612
32246,100,20151202
32242,100,20150612
32242,100,20151202
32244,100,20150303
32244,100,20151021
43118,100,20150324
43118,96,20150924
43118,100,20151007
65273,100,20150205
65273,100,20150903
60886,99,20150415
60886,100,20151012
62923,98,20150630
62923,100,20151216
86709,100,20150409
86709,100,20151007
69423,100,20150513
69423,100,20151103
33579,98,20150203
33579,99,20150812
33579,99,20160125
90674,96,20150618
90674,88,20151214
90674,98,20151228
57760,97,20150527
57760,98,20151124
49872,97,20150423
49872,95,20151020
72294,100,20150716
72294,100,20160112
81478,100,20150630
81478,98,20151104
31046,100,20150501
31046,100,20151105
31054,96,20150413
31054,95,20150930
43814,98,20150309
43814,100,20150831
32436,96,20150303
32436,94,20150928
32436,97,20151008
32436,95,20160129
88003,99,20150302
88003,99,20150918
32257,96,20150727
32257,100,20150727
32257,94,20160114
32257,94,20160128
32257,100,20160211
66576,98,20150415
66576,98,20151013
32258,98,20150612
32258,91,20150716
32258,95,20150716
75371,100,20150504
75371,99,20151014
69506,100,20150630
69506,99,20151223
32260,94,20150914
49085,98,20150403
49085,88,20150928
49085,100,20151013
64207,92,20150727
64207,84,20160202
64207,93,20160202
32264,98,20150203
32264,93,20150805
32264,97,20150805
32264,88,20160202
32264,97,20160216
84730,91,20150423
84730,95,20150423
84730,96,20151001
92547,98,20150514
92547,98,20151103
93540,100,20150317
93540,100,20150914
86670,100,20150720
78769,100,20150511
78769,100,20151015
77034,100,20150324
77034,100,20150923
80997,95,20150617
80997,98,20150630
80997,100,20151028
93456,99,20150629
93456,94,20151210
93456,99,20151210
92596,100,20150612
92596,100,20151208
72129,100,20150203
72129,99,20150916
72129,98,20160210
54476,79,20150515
54476,95,20150528
54476,99,20151208
64780,80,20150629
64780,89,20150629
64780,96,20151109
78867,88,20150617
78867,97,20151218
98557,100,20151130
98557,100,20151230
83459,100,20150629
83459,100,20151218
85470,95,20150330
85470,91,20150928
85470,94,20150928
50802,99,20150415
50802,100,20150528
50715,99,20150430
70144,99,20150616
70144,99,20151123
70144,99,20151217
32277,96,20150507
32277,100,20150825
32277,100,20160129
45061,93,20150420
45061,97,20150420
45061,94,20150925
45061,98,20150925
45061,99,20160205
32278,100,20150826
32278,100,20160205
53502,99,20150701
94405,100,20150423
94405,100,20151009
75634,100,20150311
75634,100,20150923
32217,87,20150629
32217,100,20150714
32217,94,20151217
34104,94,20150220
34104,97,20150810
34104,99,20160203
51188,88,20150319
51188,97,20150401
51188,97,20150923
51188,93,20160211
51188,97,20160211
51715,98,20150805
51715,95,20160125
51715,98,20160210
32284,95,20150512
32284,97,20151112
74523,98,20150304
74523,88,20150814
74523,99,20150923
56948,98,20150521
56948,98,20151029
59244,98,20150602
59244,92,20151104
59244,100,20151116
32323,99,20150505
32323,96,20151103
32317,96,20150429
32317,98,20151112
32322,100,20150511
32322,98,20151110
34110,95,20150310
34110,96,20150831
32321,95,20150430
32321,100,20151012
46766,98,20150417
46766,98,20151008
32314,98,20150708
32314,87,20160203
32314,96,20160203
32315,94,20150203
32315,97,20150709
32315,96,20160128
32316,98,20150714
32316,98,20160107
32324,92,20150713
32324,95,20150727
40915,91,20150804
40915,100,20150819
40915,96,20160212
32318,95,20150309
32318,97,20150813
32318,98,20160202
48258,100,20150720
48258,100,20160203
32285,94,20150626
32285,98,20150626
32285,99,20151222
32286,99,20150626
32286,99,20150812
72949,96,20150219
72949,99,20150304
72949,100,20150811
72949,100,20160114
32289,98,20150331
32289,98,20150929
32292,86,20150515
32292,99,20150601
32292,98,20151102
35978,100,20150227
35978,100,20150923
35978,100,20160111
31365,97,20150617
31365,99,20151216
32295,100,20150622
32295,99,20151207
83259,100,20150226
83259,100,20150817
83259,100,20160205
83259,96,20160205
63115,100,20150320
63115,100,20150923
32299,100,20150205
32299,96,20150824
32299,100,20150824
32299,96,20151124
32299,100,20151124
96995,100,20150309
96995,95,20151209
31532,100,20150409
31532,98,20151007
63594,100,20150407
63594,99,20151007
31527,100,20150409
31527,100,20151007
31536,98,20150409
31536,100,20151007
31538,98,20150409
31538,91,20151007
31538,100,20151007
31537,95,20150409
31537,99,20150409
31537,100,20151007
32463,100,20150409
32463,99,20151007
31531,97,20150409
31531,99,20151007
61339,98,20150409
61339,97,20151007
31539,100,20150409
31539,100,20151007
31526,100,20150409
31526,100,20151007
31540,100,20150409
31540,98,20151007
31529,100,20150409
31529,100,20151007
31528,100,20150409
31528,100,20151007
31541,100,20150409
31541,100,20151007
31542,100,20150409
31542,98,20151007
75014,96,20150708
75014,100,20160201
76014,100,20150226
76014,100,20150826
79540,100,20150220
79540,95,20150817
79540,98,20150831
79540,100,20160210
93177,100,20150219
93177,98,20150804
93177,100,20160127
68790,100,20150917
72266,98,20150330
72266,98,20151106
76237,100,20150401
76237,100,20150807
76237,100,20151118
80355,99,20150417
80355,100,20150601
80355,100,20150722
80355,94,20151110
80355,98,20151110
76236,100,20150312
76236,99,20151002
69125,98,20160115
74491,100,20150403
74491,100,20150925
75419,98,20150325
75419,95,20160128
75419,100,20160210
71970,100,20150209
71970,100,20150713
71970,99,20160106
71831,97,20150204
71831,100,20150219
71831,98,20150716
71831,100,20150810
71831,100,20160201
96721,100,20150324
96721,97,20151013
48277,97,20150519
48277,96,20151028
61137,97,20150618
31506,87,20150323
31506,92,20150323
31506,97,20150929
32302,98,20150522
32302,97,20151117
32303,99,20150227
32303,99,20150917
32303,100,20160209
36200,100,20150702
36200,87,20150803
36200,97,20150803
36200,94,20160216
32171,100,20150202
32171,100,20150806
32171,100,20160106
41435,100,20150714
41435,100,20160204
43186,100,20150519
43186,88,20151105
43186,98,20151116
44250,100,20150304
44250,100,20150831
44641,100,20150512
44641,99,20151105
46445,97,20150716
46445,98,20151013
46445,99,20160125
46445,100,20160210
47024,100,20150721
47024,100,20160106
49701,100,20150602
49701,100,20151123
51322,100,20150413
51322,100,20150930
54983,100,20151207
59610,97,20150807
59610,100,20150820
59610,97,20160204
61613,100,20150414
61613,100,20150923
63195,99,20150211
63195,99,20150910
63195,91,20160201
63195,92,20160212
63195,97,20160212
66824,100,20150205
66824,98,20150831
66824,91,20160201
66824,100,20160201
67478,98,20150724
67478,90,20160105
67478,95,20160115
67478,100,20160125
70927,100,20150618
70927,100,20151111
71402,100,20150518
71402,100,20151013
80475,100,20150416
80475,100,20150601
80475,100,20150722
80475,100,20151110
36123,96,20151218
96285,97,20150324
96285,100,20151109
95827,100,20150225
95827,100,20150812
72521,99,20150730
72521,94,20160202
72521,99,20160202
56508,97,20150219
56508,100,20150910
56508,100,20160205
73337,98,20150515
73337,99,20151106
73977,100,20150508
73977,100,20151030
80974,91,20150417
80974,95,20150417
80974,93,20151027
80974,99,20151109
46591,82,20150420
46591,100,20150501
46591,100,20151002
46591,98,20160209
64941,95,20150624
64941,99,20150624
64941,100,20151215
63461,99,20150522
63461,100,20151029
75989,100,20150821
75989,97,20160126
70243,100,20150326
70243,100,20150918
67396,99,20150722
67396,93,20160105
67396,97,20160105
89822,99,20151201
77358,95,20150625
77358,92,20151229
77358,96,20151229
60105,91,20150630
60105,96,20150630
60105,90,20151229
60105,95,20151229
86953,96,20150630
86953,98,20151229
87111,100,20150618
87111,100,20151203
50640,97,20150602
50640,97,20151123
75076,100,20150715
75076,100,20160119
62161,94,20150513
62161,98,20151209
76889,98,20150312
76889,82,20151015
76889,91,20151028
76889,99,20151110
79116,79,20160104
79116,95,20160115
79116,90,20160115
79116,76,20160218
79116,89,20160218
75421,96,20150310
75421,93,20151019
32309,97,20151218
79542,100,20150312
79542,100,20150415
79542,98,20151012
55505,97,20150617
55505,98,20151211
94452,100,20150721
98723,100,20151120
98723,100,20151222
43589,99,20150205
43589,99,20150901
94461,99,20150319
94461,98,20150909
60543,98,20150225
60543,95,20150826
76646,98,20150402
76646,99,20150928
76646,100,20151222
87126,96,20150421
87126,89,20151021
87126,98,20151112
32405,94,20150403
32405,85,20150929
32405,94,20151021
32405,91,20160218
30819,98,20150807
30819,97,20160127
31099,99,20150626
31099,96,20151207
31099,100,20151218
32414,100,20150603
32414,98,20151109
35907,97,20150415
35907,97,20151001
40357,100,20150925
62344,90,20150219
62344,94,20150219
62344,95,20150825
75825,99,20150510
75825,100,20150605
75825,96,20151110
98341,100,20150820
98341,100,20151113
52291,97,20150410
52291,97,20151001
52291,95,20160209
45421,98,20150717
45421,100,20160207
32409,97,20150202
32409,96,20150730
32409,99,20160203
72676,96,20150501
72676,97,20151113
72281,100,20150424
72281,100,20151013
39211,100,20150219
39211,100,20150902
39211,100,20160211
62993,97,20150810
62993,97,20160212
30813,100,20150206
30813,100,20150724
30813,100,20160107
58838,100,20150206
58838,98,20150704
58838,100,20160127
31152,100,20150611
31152,100,20151113
93365,100,20150706
93365,100,20160113
33567,91,20150429
33567,97,20151013
32420,100,20150225
32420,100,20151015
32421,96,20150316
32421,99,20150924
32422,100,20150204
32422,100,20151030
67278,99,20151030
32423,100,20150320
32423,100,20151015
65638,98,20150327
65638,100,20151210
98452,100,20151008
69657,98,20150304
69657,98,20150904
67791,100,20150518
67791,98,20151120
94458,99,20150205
94458,98,20150806
91072,96,20150619
91072,100,20151210
39910,93,20150616
39910,98,20151229
70185,100,20150720
70185,100,20160205
80162,100,20150313
80162,100,20151217
30777,99,20150618
30777,99,20151222
61458,100,20150219
61458,94,20150817
61458,100,20150917
67259,100,20150330
67259,94,20151106
67259,99,20151106
30971,97,20150202
30971,99,20150720
82945,98,20150521
82945,98,20151106
98746,100,20151104
98746,100,20151121
62919,100,20150903
62919,100,20150926
62919,99,20151121
62919,100,20151121
44911,100,20150618
44911,100,20151228
54375,90,20150326
54375,100,20150407
54375,98,20150921
76796,96,20150602
76796,100,20151109
31644,100,20150628
31644,100,20151229
30765,100,20150520
30765,100,20151130
31530,99,20150409
31530,98,20151007
86710,97,20150409
86710,100,20151007
71767,100,20151001
32433,96,20150716
32433,98,20160201
32429,95,20150713
32429,96,20160114
32431,98,20150611
32431,98,20151210
32430,97,20150720
32430,97,20160105
32432,97,20150203
32432,100,20150213
32432,100,20150716
32432,100,20160128
42070,96,20150714
42070,95,20160114
42070,100,20160114
35799,96,20150624
35799,95,20151207
35799,95,20151221
47380,100,20150226
47380,100,20150917
90140,99,20150626
90140,99,20151217
32434,94,20150520
32434,88,20151210
32434,93,20151210
62481,99,20150220
62481,92,20150812
65928,97,20150610
63956,99,20150409
63956,97,20151023
84852,100,20150615
84852,100,20151214
88229,100,20150526
88229,100,20151028
81245,97,20150615
81245,91,20151119
81245,95,20151119
65746,100,20150528
65746,99,20151104
96933,100,20150226
96933,99,20150331
96933,100,20151214
63667,92,20150330
63667,84,20151020
63667,93,20151020
32438,100,20150511
32438,97,20151020
32438,100,20151119
53846,100,20150622
53846,99,20151210
56136,100,20150513
56136,100,20151120
42655,100,20150714
42655,100,20160107
97016,100,20150410
97016,100,20150512
97016,100,20150925
31543,96,20150521
31543,96,20151106
32234,99,20150501
32234,98,20151006
97014,100,20150331
97014,100,20150513
97014,84,20151019
97014,98,20151019
32439,98,20150326
32439,98,20150925
70261,100,20150209
70261,100,20150901
70261,100,20160216
31782,100,20150722
31782,99,20160106
87591,99,20150602
87591,99,20151105
57642,95,20150626
57642,100,20151222
32442,100,20150709
32442,94,20160203
96722,65,20150720
96722,97,20150721
96722,85,20150820
96722,98,20150902
96722,96,20151008
96722,89,20160212
96722,94,20160212
96680,100,20150429
96680,100,20151120
31159,98,20150908
32454,98,20150417
32454,97,20151124
32445,98,20150330
32445,98,20151106
48765,95,20150615
48765,99,20151209
98354,100,20150921
98354,94,20151104
98354,100,20151104
96075,100,20160127
32484,100,20150724
32484,99,20160125
58721,100,20151012
58721,100,20160205
32466,99,20150205
32466,99,20150811
32466,100,20160119
94939,100,20150710
94939,100,20160205
66678,99,20150331
66678,98,20150930
89705,92,20150624
89705,97,20150624
89705,99,20151228
97098,100,20150330
97098,100,20150508
97098,96,20151117
97098,100,20151117
75390,97,20150423
75390,100,20151030
47447,100,20150209
47447,100,20150730
47447,100,20160119
30802,95,20150720
30802,87,20160108
30802,97,20160127
62857,96,20150609
62857,99,20150626
62857,98,20151109
62343,99,20150312
62343,96,20150917
67902,91,20150629
67902,95,20150629
67902,97,20151217
53969,95,20150623
53969,91,20151228
53969,97,20160113
32472,98,20150302
32472,96,20150828
62540,96,20150310
62540,95,20150812
62540,94,20160205
62540,98,20160205
32473,98,20150903
32474,96,20150625
32474,97,20151217
32475,94,20150518
32475,92,20150602
32475,86,20151116
32475,95,20151116
89394,98,20150630
89394,100,20151216
50229,94,20150416
50229,97,20151015
63504,95,20150526
63504,99,20151113
76797,100,20150205
76797,100,20150915
76797,92,20160114
76797,96,20160114
43116,99,20150629
43116,98,20151207
61611,100,20150508
61611,100,20151117
77357,95,20150623
77357,95,20151229
31766,100,20150310
31766,100,20150901
31766,98,20160201
90584,97,20150303
90584,92,20150921
89039,100,20150203
89039,100,20150916
32476,98,20150430
32476,99,20150804
32476,99,20160125
32477,100,20150202
32477,100,20150721
32477,100,20160209
32478,99,20150515
32478,99,20151111
32480,100,20150209
32480,100,20150812
32480,93,20160202
32480,98,20160202
60743,99,20150304
60743,100,20150817
60743,99,20160211
74858,99,20150813
74858,99,20160127
75296,100,20150401
75296,100,20150929
39909,100,20150318
39909,99,20150817
39909,99,20160212
66897,96,20150904
66897,87,20151021
66897,96,20151021
69097,99,20150416
69097,97,20151013
90262,100,20150629
90262,100,20151210
32486,100,20151016
32487,98,20150501
32487,95,20151023
32491,91,20150501
32491,95,20150501
69005,99,20150619
69005,92,20151204
69005,96,20151204
94673,99,20150313
94673,98,20151002
96674,93,20150603
96674,90,20151119
96674,95,20151119
98272,100,20150914
98272,100,20151015
88933,97,20150617
88933,97,20151116
30703,100,20150330
30703,98,20151106
81807,100,20150203
81807,100,20150824
81807,100,20160202
60322,98,20150205
60322,98,20150808
60322,100,20160210
95009,99,20150324
95009,100,20150928
91841,99,20150805
92655,100,20150401
92655,100,20150930
33596,97,20150312
33596,95,20150911
96653,91,20150206
96653,92,20150902
96653,88,20150912
32500,96,20150923
32500,100,20151007
45248,65,20150310
45248,82,20150310
45248,100,20150320
45248,99,20150903
32502,90,20150406
32502,95,20150406
32502,97,20150930
32502,95,20151120
81929,100,20150224
81929,99,20150811
73827,96,20150212
73827,95,20150917
86771,100,20150205
86771,97,20150723
86771,100,20150806
87029,91,20150602
87029,96,20150602
87029,92,20151110
87029,96,20151110
88305,92,20150521
88305,96,20150521
88305,91,20151028
88305,95,20151028
53014,100,20150513
53014,100,20151110
42485,100,20150910
53503,98,20150805
32512,100,20150302
32512,99,20150914
32512,99,20160203
38743,91,20150602
38743,95,20150602
38743,90,20151123
38743,99,20151208
38743,99,20160208
86315,90,20150603
86315,98,20150616
86315,100,20151117
31137,98,20150325
31137,97,20150618
31137,99,20150707
31137,94,20160105
78798,97,20150312
78798,92,20151006
82740,98,20150511
82740,89,20151109
82740,98,20151109
83458,86,20150505
83458,100,20150608
83458,96,20151104
83458,92,20160129
83458,97,20160129
98331,100,20151009
62568,99,20150611
62568,99,20151207
