business_id,date,code
605,20120412,19
605,20120412,20
605,20120412,18
605,20120412,15
605,20121105,32
605,20121105,19
605,20121105,27
605,20121105,15
605,20121105,31
605,20121105,8
605,20121227,33
605,20120510,15
605,20120530,11
605,20120614,26
605,20120614,30
605,20120614,33
605,20121218,20
605,20121218,19
605,20120927,19
607,20120816,1
607,20120816,8
607,20120816,15
607,20120816,16
607,20120816,34
607,20120816,33
607,20120816,18
607,20120816,19
607,20120816,26
607,20120816,28
607,20120816,30
607,20120827,19
607,20120827,23
607,20120827,18
605,20120417,1
605,20120509,19
605,20120509,30
605,20120509,9
605,20120509,20
605,20120509,8
605,20121227,20
605,20121227,34
605,20121227,8
605,20121227,5
605,20121227,2
605,20121227,9
605,20121227,18
605,20120117,15
605,20120604,5
605,20120604,8
605,20121206,31
605,20121206,15
605,20120508,33
605,20120503,1
605,20120503,26
605,20120410,5
605,20121113,19
605,20120314,26
605,20120314,12
605,20120314,16
605,20120314,11
605,20121023,16
605,20121213,15
605,20120315,15
605,20120206,2
605,20120206,1
605,20120719,13
605,20121019,11
605,20120326,18
605,20120614,11
605,20120614,8
605,20120614,34
605,20120614,23
605,20120614,13
605,20120615,25
605,20120615,33
605,20120615,18
605,20120615,1
605,20120615,11
605,20121210,19
605,20121210,8
605,20120507,1
605,20120507,26
605,20120507,30
605,20120507,16
605,20120507,5
605,20120507,12
605,20121210,17
605,20121210,23
605,20121210,34
605,20121210,12
605,20120508,20
605,20120508,30
605,20120508,16
605,20121205,19
605,20121205,1
605,20121205,13
605,20121205,17
605,20121205,16
605,20121205,12
605,20121205,30
605,20121214,19
605,20121214,34
605,20120605,19
605,20120605,15
605,20120605,18
605,20121130,15
605,20121130,1
605,20121130,8
605,20120208,19
605,20120208,8
605,20120806,18
605,20120806,12
605,20120615,17
605,20120615,4
605,20120615,8
605,20120615,26
605,20120615,23
605,20120615,30
605,20120627,12
605,20120627,15
605,20120627,11
605,20120627,29
605,20120627,30
605,20121227,31
605,20121227,32
605,20121227,30
605,20121227,19
605,20121227,17
605,20121227,15
605,20120313,15
605,20120313,26
605,20120313,19
605,20120313,31
605,20120313,28
605,20120323,15
605,20120815,16
605,20120815,15
605,20120815,19
605,20120621,20
605,20120621,1
605,20121204,17
605,20121204,15
605,20121204,19
605,20120816,9
605,20120816,26
605,20120816,15
605,20120816,20
605,20120816,29
605,20120326,15
605,20120313,9
605,20120313,11
605,20120313,18
605,20120313,16
605,20120313,8
605,20120313,20
605,20121004,20
605,20121004,19
605,20121004,15
605,20120508,17
605,20120508,9
605,20121128,19
605,20121128,14
605,20121128,23
605,20121128,33
605,20121128,20
605,20120416,30
605,20120416,31
605,20120416,20
605,20120416,17
605,20120416,16
605,20121005,20
605,20121005,30
605,20121005,18
605,20121005,17
605,20121005,8
605,20121005,31
605,20121005,33
605,20121005,34
605,20121005,29
605,20121005,19
605,20121005,11
605,20121005,26
605,20120210,15
605,20120210,19
605,20120210,30
605,20120210,14
605,20120723,15
605,20120723,11
605,20120723,1
605,20120723,8
605,20120723,30
605,20120723,20
605,20120723,19
605,20120723,14
605,20120801,8
605,20120801,20
605,20120801,15
605,20120621,9
605,20120621,19
605,20120621,14
605,20120208,15
605,20120208,5
605,20120208,2
605,20120208,1
605,20120208,12
605,20120208,9
605,20120208,26
605,20120208,20
605,20120208,30
605,20120223,19
605,20120223,30
605,20120223,6
605,20120223,8
605,20120223,16
605,20120223,15
605,20121211,31
605,20121211,9
605,20121211,19
605,20121211,2
605,20121211,26
605,20121211,15
605,20121211,8
605,20120629,20
605,20120629,18
605,20120629,34
605,20120629,8
605,20121228,27
605,20120305,18
605,20120305,19
605,20120119,15
605,20120725,15
605,20120312,12
605,20120312,32
605,20120312,33
605,20120312,11
605,20120312,20
605,20120312,19
605,20120312,30
605,20120312,31
605,20120312,26
605,20120312,34
605,20120826,29
605,20120826,28
605,20120826,27
605,20120826,34
605,20120826,32
605,20120826,33
605,20120826,1
605,20120826,13
605,20120826,12
605,20120826,15
605,20120826,19
605,20120826,8
605,20120826,23
605,20120826,20
605,20120826,31
605,20120826,30
605,20120827,15
605,20120827,32
605,20120827,28
605,20120827,23
605,20120827,31
605,20120827,3
605,20120827,19
605,20120828,23
605,20120828,31
605,20120828,28
605,20120828,19
605,20120904,19
605,20120904,23
605,20120904,31
605,20120605,34
605,20120605,20
605,20121205,20
605,20121205,11
605,20121205,28
605,20121205,34
605,20121205,31
605,20121214,31
605,20121214,28
605,20121214,30
605,20121219,15
605,20120503,30
605,20120503,32
605,20120503,23
605,20120503,15
605,20121019,17
605,20121019,16
605,20121019,19
605,20121019,30
605,20121019,33
605,20121019,15
605,20121019,31
605,20120119,13
605,20120713,15
605,20120713,18
605,20120508,19
605,20120508,15
605,20121029,31
605,20121029,8
605,20121029,19
605,20120214,12
605,20120214,18
605,20120214,8
605,20120815,12
605,20120517,13
605,20120517,26
605,20120517,8
605,20120527,15
605,20121031,20
605,20121031,15
605,20121031,23
605,20120111,19
605,20120111,32
605,20120724,15
605,20120125,15
605,20120125,11
605,20120424,8
605,20120424,20
605,20121114,19
605,20121114,31
605,20120215,29
605,20120215,18
605,20120215,15
605,20120215,30
605,20120910,19
605,20120910,15
605,20120910,30
605,20120227,20
605,20120619,30
605,20120619,8
605,20120619,19
605,20120619,15
605,20120619,32
605,20121212,26
605,20120322,24
605,20120514,19
605,20120514,32
605,20120514,26
605,20120514,31
605,20121023,15
605,20121023,13
605,20121023,31
605,20121023,32
605,20121023,19
605,20121101,31
605,20121101,19
605,20121101,32
605,20121101,15
605,20120531,20
605,20120531,5
605,20120531,8
605,20120531,13
605,20120531,11
605,20120531,9
605,20120531,15
605,20120531,18
605,20120531,19
605,20120612,11
605,20120612,19
605,20120612,8
605,20120612,16
605,20120612,9
605,20120612,15
605,20120612,13
605,20120612,27
605,20120612,34
605,20121113,20
605,20121113,17
605,20121113,18
605,20121113,15
605,20121113,8
605,20121113,11
605,20120206,12
605,20120206,18
605,20120206,13
605,20120206,19
605,20120227,19
605,20120227,18
605,20121120,30
605,20121114,15
605,20121114,34
605,20120515,17
605,20120515,30
605,20120515,33
605,20120515,8
605,20120515,1
605,20120515,9
605,20120515,15
605,20121218,18
607,20120614,19
607,20121220,19
607,20121220,28
605,20120222,23
605,20120222,32
605,20120222,15
605,20121228,12
605,20120228,15
605,20120905,13
605,20120905,2
605,20120113,19
605,20120809,19
607,20120620,15
607,20120620,8
607,20120620,12
607,20120620,19
607,20121219,8
607,20121219,12
607,20121219,26
605,20120503,6
605,20120503,12
605,20121023,20
605,20121023,11
605,20121023,18
605,20120529,19
605,20120529,2
605,20120529,11
605,20120529,30
605,20120529,27
605,20121206,19
605,20121206,30
605,20121105,30
605,20120524,15
605,20121211,18
605,20120424,25
605,20120424,30
605,20120424,17
605,20120424,16
605,20120424,26
605,20121019,9
605,20120510,6
605,20120111,16
605,20120111,31
605,20120111,26
605,20120131,15
605,20120131,31
605,20120131,26
605,20120810,1
605,20120810,18
605,20120810,20
605,20120810,19
605,20120810,34
605,20120724,8
605,20120117,19
605,20120726,18
605,20120726,34
605,20120202,20
605,20120202,30
605,20120202,11
605,20120202,9
605,20120202,34
605,20120202,10
605,20120202,13
605,20120202,8
605,20120202,15
605,20120202,17
605,20120202,35
605,20120213,8
605,20120213,18
605,20120301,8
605,20120301,18
605,20120815,8
605,20120531,23
605,20120628,34
605,20120109,9
605,20120109,34
605,20120109,18
605,20120807,14
605,20120807,15
605,20120807,2
605,20120628,17
605,20120628,11
605,20120522,12
605,20121210,26
605,20121210,18
605,20120410,33
605,20120410,8
605,20121024,18
605,20121024,26
605,20120119,26
605,20120119,34
605,20120119,8
605,20120119,19
605,20120723,31
605,20120723,34
605,20120723,23
605,20120516,19
605,20120516,15
605,20121101,9
605,20120613,27
605,20120613,28
605,20120613,1
605,20120622,31
605,20120622,28
605,20120709,31
605,20120718,30
605,20120718,11
605,20120718,32
605,20120718,31
605,20120718,12
605,20120606,20
605,20120606,16
605,20120606,1
605,20120606,19
605,20120606,15
605,20121128,32
605,20121128,15
605,20121128,1
605,20121128,16
605,20120330,13
605,20120330,15
605,20120409,15
605,20120514,33
605,20120514,12
605,20120514,8
605,20120514,1
605,20120514,15
605,20121108,26
605,20121108,11
605,20121108,15
605,20121108,8
605,20121108,34
605,20121108,19
605,20121108,20
605,20121108,28
605,20121108,18
605,20121108,17
605,20121108,12
605,20121108,33
605,20121120,8
605,20121120,11
605,20121120,12
605,20121120,26
605,20121120,31
605,20121120,20
605,20121120,15
605,20121120,1
605,20121127,1
605,20121127,8
605,20120627,1
605,20120627,19
605,20121216,1
605,20121216,19
605,20120214,19
605,20120907,11
605,20120907,26
605,20120907,18
605,20120601,18
605,20121213,19
605,20121213,32
605,20120418,17
605,20120627,8
605,20120627,20
605,20120210,31
605,20120208,27
605,20120409,12
605,20120409,19
605,20120409,30
605,20120409,28
605,20120409,20
605,20120419,12
605,20121018,19
605,20120509,16
605,20120509,2
605,20121211,20
605,20120215,27
605,20120306,28
605,20120306,19
605,20120306,13
605,20120306,31
605,20120321,19
605,20120321,28
605,20120820,19
605,20121102,1
605,20120530,30
605,20120530,19
605,20120530,17
605,20121023,33
605,20120530,18
605,20121217,12
605,20121217,15
605,20120713,30
605,20120117,23
605,20120117,16
605,20120117,30
605,20120117,17
605,20120117,29
605,20120710,31
605,20120710,30
605,20120710,34
605,20121114,20
605,20121216,16
605,20121216,26
607,20120208,19
607,20120208,13
607,20121101,30
605,20120822,13
605,20120830,19
605,20120830,26
605,20120830,30
605,20120830,12
605,20120627,16
605,20120217,19
605,20120126,30
605,20120126,15
605,20120807,8
605,20120807,19
605,20120531,26
605,20120618,23
605,20120618,15
605,20121205,15
605,20121205,8
605,20120125,34
605,20121115,19
605,20120521,27
605,20120521,20
605,20121219,19
605,20120329,34
605,20120329,8
605,20120329,18
605,20120913,34
605,20120119,11
605,20120724,30
605,20120724,31
605,20120614,32
605,20121207,30
605,20121015,23
605,20120601,32
605,20121210,11
605,20121214,20
605,20121214,18
605,20120625,19
605,20120625,26
605,20121121,12
605,20121121,19
605,20120103,31
605,20120103,19
605,20120105,15
605,20120105,16
605,20120105,13
605,20120105,9
605,20120105,31
605,20120117,9
605,20120117,13
605,20120709,19
605,20120709,13
605,20120709,8
605,20120709,34
605,20120709,29
605,20120709,12
605,20120709,18
605,20120709,1
605,20120709,23
605,20120709,9
605,20120719,23
605,20120719,12
605,20120719,31
605,20120105,8
605,20120105,11
605,20120105,19
605,20120627,32
605,20121206,20
605,20121206,9
605,20121206,18
605,20121206,11
605,20120313,12
605,20120313,34
605,20121227,16
605,20120501,8
605,20120501,19
605,20120502,34
605,20120628,18
605,20120403,1
605,20120516,30
605,20121115,15
605,20121115,28
605,20121127,19
605,20120626,19
605,20120626,15
605,20121219,26
605,20121219,8
605,20121219,31
607,20121101,15
605,20120806,26
605,20120806,23
605,20120806,19
605,20121227,1
605,20121227,12
605,20120614,20
605,20120410,32
605,20120410,30
605,20120410,19
605,20120410,20
605,20121101,30
605,20121102,20
605,20121102,19
605,20120202,19
605,20120724,1
605,20120120,16
605,20120120,19
605,20121127,31
605,20120402,19
605,20120402,27
605,20120905,20
605,20120905,19
605,20120905,18
605,20120905,28
605,20120914,18
605,20120914,19
605,20120424,19
605,20121019,20
605,20120321,18
605,20120321,16
605,20121024,15
605,20121024,30
605,20120919,16
605,20120515,20
605,20120515,31
605,20121023,17
605,20121023,1
605,20121023,30
605,20121023,8
605,20120309,16
605,20120309,26
605,20120821,26
605,20120821,16
605,20120306,14
605,20120529,8
605,20120529,20
605,20121219,20
605,20121130,31
605,20120314,29
605,20120314,8
605,20120314,15
605,20120910,17
605,20120910,31
605,20120910,8
605,20120910,29
605,20120105,34
605,20120105,26
605,20120105,28
605,20120105,29
605,20120105,18
605,20120105,17
605,20120105,14
605,20120105,12
605,20120117,8
605,20120709,11
605,20120709,15
605,20120709,17
605,20120419,24
605,20120419,2
605,20120419,19
605,20120418,19
605,20121015,9
605,20121015,8
605,20121015,5
605,20121015,19
605,20121015,15
605,20120417,31
605,20120417,12
605,20120417,15
605,20120417,18
605,20120417,17
605,20120430,15
605,20120430,31
605,20121030,19
605,20121030,30
605,20121030,31
605,20121030,12
605,20121030,26
605,20120319,15
605,20120319,19
605,20120319,11
605,20120319,17
605,20120710,19
605,20120419,13
605,20120419,15
605,20120419,20
605,20120430,20
605,20121105,20
605,20120619,13
605,20120314,30
605,20120314,27
605,20120314,20
605,20120314,19
605,20120926,30
605,20120926,11
605,20120926,15
605,20120926,20
605,20121212,9
605,20121212,8
605,20121212,17
605,20121212,16
605,20121212,15
605,20121212,18
605,20121212,19
605,20121212,20
605,20121221,19
605,20121221,9
607,20120118,1
607,20120118,5
607,20120118,16
607,20120118,13
605,20121126,19
605,20121126,8
605,20120309,19
605,20120206,15
605,20120808,15
605,20120207,12
605,20120207,19
605,20120207,30
605,20120925,19
605,20120925,31
605,20120618,4
605,20120618,16
605,20120216,18
605,20120216,26
605,20120216,27
605,20120815,11
605,20120503,34
605,20120503,13
605,20120611,34
605,20120611,19
605,20120611,16
605,20120611,18
605,20120611,20
605,20121018,1
605,20121018,4
605,20121018,5
605,20121018,32
605,20121018,31
605,20121029,12
607,20120718,26
607,20120718,20
607,20120112,30
607,20120112,13
607,20120112,26
607,20120112,12
607,20120112,15
607,20120124,13
607,20120124,30
607,20120124,12
607,20120124,15
607,20120130,15
607,20120130,30
607,20120809,27
607,20120809,20
607,20120809,23
607,20121017,26
607,20120109,8
607,20120702,19
607,20120508,12
607,20120508,8
607,20120508,1
607,20120508,26
607,20120518,18
607,20120518,12
607,20121030,15
607,20121030,28
607,20121030,26
607,20121030,23
607,20121030,30
607,20121030,34
607,20121030,17
607,20121030,19
607,20121030,31
607,20121030,18
607,20121116,31
607,20121116,5
607,20121116,11
605,20121203,20
605,20120209,6
605,20120209,8
605,20120209,32
605,20120209,19
605,20120823,31
605,20120823,19
605,20120823,4
605,20120823,32
605,20120823,22
605,20121001,31
605,20121001,15
605,20120516,33
605,20120516,17
605,20120516,9
605,20120516,8
605,20120516,12
605,20120516,11
605,20120516,1
605,20120905,30
605,20120905,15
607,20120709,16
607,20120709,26
605,20121129,19
605,20120615,15
605,20120615,19
605,20120615,29
605,20120615,20
605,20120625,4
605,20120625,29
605,20120625,1
605,20121204,11
605,20121204,12
605,20121204,26
605,20121218,17
605,20121219,1
605,20120713,11
605,20120713,1
605,20120713,12
605,20120406,18
605,20120913,8
605,20120509,15
605,20121025,30
605,20121025,17
605,20121025,19
605,20121025,12
605,20121025,15
605,20121025,31
605,20120206,8
605,20120206,23
605,20120206,31
605,20120716,8
605,20120716,11
605,20120716,17
605,20120716,15
605,20120716,31
605,20120716,33
605,20120716,30
605,20120716,26
605,20120716,20
605,20120425,30
605,20121017,30
605,20120127,19
605,20120127,13
605,20120127,17
605,20120127,26
605,20120404,34
605,20121011,15
605,20121127,32
605,20121127,6
605,20120103,1
605,20120717,15
605,20120908,20
605,20120908,33
605,20120908,18
605,20121006,9
605,20121006,8
605,20120908,15
605,20120912,8
605,20120908,8
605,20120908,9
605,20121006,26
605,20120908,13
605,20121006,18
605,20121006,20
607,20121029,19
605,20120502,18
605,20120502,8
605,20121107,11
605,20121107,15
605,20121107,13
605,20121107,9
605,20121107,12
605,20120404,8
605,20120404,31
605,20120404,19
605,20120404,20
605,20120404,15
605,20121030,16
605,20121030,1
605,20121030,20
605,20121030,23
605,20120229,34
605,20120627,27
605,20120627,18
605,20121229,19
605,20121229,26
605,20120315,32
605,20120911,23
605,20120911,19
605,20120329,1
605,20120329,20
605,20120827,1
605,20120827,6
605,20120827,20
605,20120827,16
605,20120609,12
605,20120609,20
605,20120609,16
605,20120628,31
605,20121203,31
605,20121203,19
605,20120503,19
605,20120503,27
605,20121023,9
607,20120424,15
607,20120424,30
607,20120927,15
607,20120927,20
607,20120314,20
607,20120919,15
607,20120919,20
605,20120201,18
605,20120201,13
605,20120816,19
605,20120912,19
607,20120611,20
607,20120611,8
607,20120611,19
607,20121204,15
605,20120224,19
605,20120816,16
605,20120613,18
605,20120613,23
605,20121207,15
605,20121207,17
605,20121207,19
605,20121207,11
605,20121207,32
605,20120507,19
605,20121120,17
605,20120510,30
605,20120510,31
605,20120510,19
605,20121002,31
605,20121002,30
605,20120501,31
605,20120501,4
605,20120501,6
605,20121107,34
605,20121107,31
605,20121107,8
605,20121219,33
605,20121219,12
605,20121219,4
605,20121219,2
605,20121219,3
605,20121219,13
605,20120822,19
605,20121029,1
605,20120214,11
605,20120214,5
605,20120214,15
605,20120928,19
605,20120928,15
605,20120928,20
605,20120928,1
605,20120305,15
605,20120309,20
605,20120309,11
605,20120309,13
605,20120309,18
605,20120309,17
605,20120309,
605,20120320,11
605,20120320,17
605,20120320,18
605,20120229,27
605,20120830,8
605,20121005,23
605,20121005,15
605,20120507,8
605,20121120,19
605,20121023,27
607,20120514,15
607,20120514,19
607,20120514,26
607,20121206,15
605,20120605,16
605,20120613,19
605,20120613,12
605,20120613,8
605,20121129,32
605,20121129,20
605,20121129,31
605,20121129,18
605,20121129,3
605,20120620,12
605,20121218,12
605,20120626,32
605,20120626,31
605,20120626,11
605,20121203,15
605,20121203,32
605,20120502,17
605,20121026,19
605,20120514,2
605,20121102,12
607,20120813,15
607,20120813,34
605,20121120,5
605,20121120,16
605,20120119,16
605,20120806,17
605,20120118,19
605,20120118,26
605,20120725,31
605,20120725,30
605,20120201,17
605,20120406,19
605,20121019,13
605,20121031,19
605,20120321,33
605,20120910,23
605,20120910,12
605,20120821,33
605,20120614,1
605,20121129,11
605,20121129,12
605,20120724,20
605,20120724,19
605,20120724,12
605,20120126,8
605,20120126,19
605,20120126,32
605,20120423,20
605,20121016,17
605,20121016,12
607,20120501,19
607,20120501,31
607,20121206,19
607,20121206,31
605,20120614,19
605,20121205,18
605,20120604,18
605,20121204,8
605,20121204,13
605,20121213,2
605,20120424,18
605,20120626,28
605,20120626,30
605,20120705,19
605,20120705,30
605,20120705,15
605,20120919,19
605,20120924,11
605,20121101,13
605,20120508,29
605,20120508,34
605,20120508,8
605,20120508,1
605,20120517,19
605,20120517,18
605,20120517,20
605,20120517,11
605,20120517,15
605,20121206,8
605,20121219,17
605,20121221,15
605,20120629,28
605,20120629,31
605,20120713,31
605,20121220,16
605,20121220,28
605,20121220,34
605,20121220,19
605,20120612,17
605,20120326,1
605,20120326,19
605,20120920,1
605,20120920,19
605,20120522,16
605,20120522,1
605,20120522,5
605,20120522,27
605,20120522,8
605,20120522,13
605,20120601,16
605,20120601,15
605,20120601,19
605,20120601,31
605,20121113,23
605,20121113,16
605,20120110,27
605,20120110,25
605,20120110,34
605,20120110,13
605,20120110,12
605,20120110,8
605,20120110,1
605,20120120,26
605,20120120,12
605,20120120,15
605,20120718,8
605,20120718,34
605,20120718,16
605,20120718,13
605,20120718,25
605,20120718,17
605,20120718,27
605,20120718,26
605,20120718,1
605,20120718,23
605,20120718,20
605,20120718,6
605,20120905,8
605,20120420,19
605,20120420,32
605,20120420,26
605,20121101,26
605,20120626,8
605,20120626,3
605,20121130,34
605,20121130,13
605,20121130,9
607,20120614,26
607,20120614,27
607,20120614,13
607,20120614,12
607,20120614,9
607,20120614,7
607,20120614,23
607,20120614,25
607,20120614,8
607,20120614,1
607,20120626,29
605,20121207,16
605,20121102,8
605,20121102,18
605,20121102,28
605,20121112,5
605,20121112,12
605,20120924,1
605,20120625,9
605,20120625,8
605,20120625,18
605,20121127,23
605,20120413,18
605,20120613,34
605,20120613,31
605,20120613,15
605,20120613,16
605,20120716,16
607,20120620,26
607,20121219,31
607,20121219,2
607,20121219,30
607,20121219,15
607,20121219,34
607,20120302,13
607,20120302,16
607,20120302,15
607,20120312,15
607,20120814,8
607,20120814,16
607,20120814,4
607,20120814,15
607,20120814,34
605,20120531,12
605,20120607,32
607,20121210,15
607,20121210,26
605,20120927,12
607,20120209,5
607,20120209,31
607,20120718,17
607,20120718,16
607,20120718,31
607,20120718,5
607,20120718,1
605,20121018,15
605,20121009,17
605,20121009,29
605,20121009,19
605,20120418,8
605,20120418,34
605,20120418,26
605,20121009,15
605,20120618,19
605,20120618,20
605,20120618,31
605,20120618,9
605,20120618,12
605,20121115,17
605,20120313,17
605,20120202,33
605,20120202,12
605,20120213,12
605,20120829,26
605,20120829,23
605,20120829,13
605,20120829,20
605,20120829,19
605,20120829,6
605,20120829,32
605,20120907,16
605,20120907,31
605,20120907,32
605,20120907,19
605,20120907,23
605,20120509,11
605,20121107,20
605,20121107,19
605,20120328,16
605,20121019,12
605,20120430,4
605,20120430,19
605,20121031,5
605,20121031,29
605,20120417,30
605,20120417,16
605,20120924,16
605,20120924,12
605,20120924,8
605,20120924,26
605,20120924,20
605,20120924,19
605,20120924,18
605,20120924,17
607,20120320,26
607,20120320,8
607,20120628,15
607,20121218,18
605,20120430,32
605,20120523,32
605,20121109,19
605,20121109,8
605,20120313,33
605,20120805,12
605,20120805,19
605,20120805,33
605,20121015,33
605,20120404,9
605,20120830,23
605,20120501,15
605,20120504,15
605,20120504,26
605,20120504,19
605,20121029,18
605,20121029,15
605,20121029,34
605,20121029,20
607,20120801,6
607,20120801,8
607,20120801,18
605,20120228,34
605,20120420,13
605,20120420,15
605,20120430,1
605,20121116,19
605,20120628,2
605,20120628,12
605,20120628,19
605,20121126,16
605,20121126,31
605,20121126,15
605,20121022,30
605,20121001,19
605,20120301,34
605,20120301,19
605,20121002,12
605,20121002,18
605,20121212,28
605,20121221,30
605,20120216,11
605,20120216,9
605,20120301,20
605,20120301,15
605,20120301,30
605,20120928,8
605,20120329,19
605,20120329,4
605,20120329,15
605,20120329,30
605,20120329,33
605,20120911,18
605,20120911,30
605,20120911,8
605,20121115,11
605,20121115,9
605,20121115,1
605,20121115,2
605,20121115,8
605,20121115,30
607,20120204,31
607,20120829,19
605,20120625,16
605,20120625,15
605,20120518,19
605,20120518,8
605,20120425,16
605,20121010,26
605,20120229,18
605,20120229,9
605,20120229,8
605,20120229,26
605,20120919,12
605,20120919,8
605,20120919,6
605,20120919,5
605,20120919,23
605,20120919,17
605,20120919,33
605,20120919,30
605,20121001,23
605,20120124,15
605,20120718,15
605,20120202,32
605,20120202,31
605,20120803,8
605,20120803,18
605,20120522,15
605,20120522,31
605,20120522,19
605,20121116,20
605,20121116,33
605,20121116,31
605,20120312,1
605,20120312,15
605,20120920,29
605,20120905,9
605,20120905,11
605,20120808,1
605,20120808,34
605,20120808,20
605,20120808,19
605,20120503,18
605,20121114,8
605,20120801,2
605,20120124,8
605,20120124,18
605,20120124,20
605,20120803,32
605,20120803,20
605,20120803,12
605,20120803,31
605,20120803,19
605,20120803,26
605,20120813,20
605,20120813,18
605,20120621,15
605,20121130,19
605,20120809,18
605,20121017,33
607,20120214,8
607,20120911,20
607,20120911,19
607,20120911,12
607,20120911,31
607,20120911,28
607,20120911,13
607,20120917,8
607,20120917,5
607,20120917,19
607,20120917,28
607,20120917,34
607,20120917,15
607,20120921,15
607,20120921,19
607,20120921,8
607,20120201,30
607,20120201,17
607,20120201,19
607,20120201,1
607,20120201,34
607,20120215,19
607,20120215,1
607,20120215,17
607,20120215,30
607,20120227,30
607,20120227,12
607,20120227,29
607,20120822,30
607,20120822,26
607,20120822,19
607,20120822,33
607,20120822,11
607,20120822,1
607,20120910,31
607,20120910,15
605,20120521,19
605,20120521,9
605,20121218,9
605,20121221,29
605,20120126,18
605,20120727,23
605,20120727,5
605,20120727,31
605,20120510,5
605,20120510,4
605,20121105,12
605,20120509,18
605,20120509,26
605,20121221,20
605,20121221,34
605,20120106,25
605,20120106,15
605,20120112,6
605,20120112,15
605,20120112,12
605,20120801,30
605,20120801,19
605,20120821,11
605,20120821,18
605,20120314,17
605,20120314,18
605,20120209,9
605,20120209,30
605,20120209,11
605,20121107,18
605,20120224,2
605,20120820,8
605,20121112,19
605,20120813,19
605,20120625,31
605,20120625,20
605,20121127,15
605,20120911,17
605,20120911,20
605,20121015,1
605,20120113,5
607,20121019,33
605,20120502,30
605,20120502,23
605,20120502,4
605,20120502,15
605,20120502,1
605,20120514,23
605,20120514,34
605,20120514,30
605,20121010,1
605,20121010,19
605,20121010,17
605,20121010,15
605,20121010,30
605,20121010,34
605,20121010,31
605,20121010,9
605,20121010,8
605,20121022,12
605,20121022,31
605,20121022,15
605,20121022,19
605,20120229,31
605,20120229,12
605,20120229,15
605,20121019,18
605,20120111,11
605,20120111,30
605,20120111,15
605,20120717,28
605,20120717,8
605,20120717,26
605,20120419,23
605,20120419,11
605,20120419,8
605,20120419,6
605,20121017,2
605,20121017,19
605,20121017,31
605,20121017,15
605,20120403,20
605,20120403,19
605,20120403,10
605,20120403,12
605,20120403,33
605,20121108,1
605,20120606,32
605,20120606,33
605,20120611,26
605,20120611,28
605,20120611,15
605,20120611,23
605,20120619,25
605,20120619,23
605,20120622,19
605,20120622,23
605,20120622,32
605,20121113,32
605,20121113,31
605,20121113,30
605,20121113,25
605,20121113,24
605,20121126,30
605,20121126,5
605,20121126,32
605,20120503,20
605,20120530,33
605,20120530,3
605,20120530,20
605,20120530,8
605,20121212,33
605,20120525,8
605,20120525,30
605,20120525,12
605,20120525,19
605,20121129,8
605,20121129,23
605,20120206,17
605,20120119,2
605,20120711,9
605,20120711,2
605,20121017,1
605,20121017,20
605,20120426,15
605,20121031,18
605,20120106,8
605,20120106,30
605,20121009,32
605,20120427,18
605,20120427,27
605,20120427,8
605,20121120,18
605,20121120,3
605,20121120,2
605,20121129,15
605,20121129,30
607,20120626,1
607,20120626,2
607,20120626,19
607,20120626,34
607,20120626,12
607,20121029,31
607,20121029,30
607,20121029,15
607,20121029,8
607,20121029,5
607,20121029,26
607,20121029,20
607,20121219,32
607,20121219,19
607,20121219,23
607,20121219,18
607,20121219,1
605,20120628,1
605,20120628,8
605,20120628,27
605,20120629,30
605,20120629,4
605,20120629,17
605,20121227,11
605,20121227,6
605,20121226,8
605,20120809,15
605,20120809,32
605,20120809,16
605,20120809,33
605,20120315,20
605,20120907,20
605,20120907,15
605,20120907,13
605,20121227,23
605,20120911,15
605,20120911,12
605,20120105,2
605,20120924,
605,20120524,23
605,20120524,13
605,20120524,20
605,20120524,12
605,20120604,23
605,20120604,20
605,20121109,15
605,20121109,20
605,20121109,23
605,20120217,16
605,20120217,9
605,20120723,33
605,20120130,16
605,20120130,26
605,20120130,11
605,20120713,13
605,20120411,15
605,20121002,15
605,20120629,32
605,20120504,8
605,20120327,15
605,20121205,9
605,20121205,32
605,20120620,1
605,20120620,19
605,20120620,15
605,20120620,32
605,20120620,26
605,20121210,15
605,20121210,20
605,20121210,32
605,20121210,31
605,20121210,30
605,20121210,25
605,20121210,13
605,20121210,9
605,20121210,3
605,20121210,1
605,20121220,31
605,20121220,26
605,20121220,20
605,20121220,15
605,20121220,32
605,20121220,30
605,20121220,18
605,20121220,8
605,20120516,20
605,20120516,26
605,20121116,4
605,20121116,8
605,20121116,15
605,20121116,12
605,20120925,8
605,20120725,32
605,20120321,31
605,20120813,15
605,20120426,19
605,20120426,16
605,20120413,15
605,20120413,8
605,20120517,31
605,20120517,23
605,20120413,9
605,20120413,16
605,20121011,31
605,20121011,19
605,20120413,19
605,20120413,17
605,20121011,17
605,20121011,26
605,20121011,12
605,20121011,8
605,20120413,31
605,20121011,11
605,20121011,3
605,20120413,11
605,20121011,5
605,20120413,26
605,20120530,15
605,20120530,34
605,20120430,16
605,20120430,23
605,20120611,24
605,20120620,25
605,20120620,17
605,20120214,32
605,20120730,22
605,20120731,31
605,20120731,12
605,20120731,19
605,20120517,29
605,20121121,30
605,20120523,23
605,20120523,30
605,20120523,15
605,20121127,30
605,20120425,11
605,20120425,15
605,20121018,12
605,20120117,31
605,20120705,23
605,20120705,31
605,20121207,1
605,20121207,31
605,20121207,20
605,20120306,23
605,20120625,12
605,20120427,15
605,20120309,5
605,20120309,1
605,20120309,15
605,20120109,1
605,20120720,2
605,20120720,16
605,20120222,33
605,20120502,16
605,20121015,3
605,20121015,4
605,20121005,28
605,20121016,19
605,20121029,4
605,20121029,11
605,20121029,29
605,20120815,20
605,20121112,15
605,20120620,31
605,20120620,8
605,20120620,6
605,20121128,8
605,20121128,30
605,20121128,34
605,20121128,31
607,20120514,16
607,20121120,19
607,20121120,16
607,20120629,16
607,20120629,15
607,20121213,15
607,20121213,20
607,20121218,26
607,20121218,1
607,20121218,30
607,20120531,26
607,20121206,33
607,20121206,16
607,20120314,11
607,20120314,31
607,20120314,19
607,20120314,15
607,20121022,8
607,20121022,1
607,20121022,17
607,20121022,15
607,20121022,20
607,20120523,17
607,20121205,15
607,20120426,17
607,20120508,16
607,20120820,17
607,20120830,1
607,20120315,8
607,20120315,15
607,20120530,26
607,20120206,20
607,20120206,30
607,20120727,11
607,20120727,8
607,20120727,19
607,20120727,33
607,20120727,34
605,20120517,12
605,20121130,12
605,20121130,30
607,20120420,19
605,20120207,1
605,20120207,31
605,20120207,33
605,20120207,8
605,20120207,29
605,20120207,15
605,20120207,34
605,20120222,29
605,20120222,11
605,20120718,19
605,20120718,28
605,20120718,33
605,20120727,19
605,20120727,34
605,20120727,28
605,20120727,29
605,20120801,28
605,20120801,23
605,20120309,9
605,20120831,19
607,20120628,8
607,20120628,17
607,20120628,19
607,20120628,20
607,20120628,11
607,20120628,12
607,20121205,11
607,20121205,6
607,20121205,26
607,20121205,8
607,20121214,12
607,20121214,15
607,20121214,19
607,20121214,2
605,20121206,1
605,20120524,9
607,20120705,1
607,20120705,17
607,20120705,15
607,20120705,34
607,20120705,13
607,20120705,26
607,20120705,18
607,20120705,11
607,20120705,9
607,20120705,8
607,20120705,10
607,20120716,1
607,20120716,10
607,20120716,13
607,20120716,15
607,20120723,15
607,20121008,36
607,20121008,17
607,20121008,15
607,20121008,3
607,20121008,8
607,20121008,26
607,20121008,31
607,20121017,4
607,20121017,5
607,20121017,15
607,20121017,9
607,20121017,3
607,20121017,31
607,20120203,8
607,20120203,12
607,20120203,9
607,20120203,29
607,20120203,19
607,20120203,32
607,20120203,15
607,20120203,20
607,20120203,26
607,20120203,13
607,20120203,28
607,20120203,30
607,20120203,1
607,20120215,9
607,20120215,15
607,20120215,29
607,20120215,28
607,20120228,19
607,20120228,13
607,20120228,30
607,20120228,28
607,20120228,15
607,20120228,29
607,20120329,15
607,20120329,26
607,20120329,19
607,20121030,1
607,20121030,8
605,20120517,16
605,20120625,17
605,20121218,29
605,20121218,15
605,20120117,28
605,20120117,1
605,20120130,23
605,20121113,1
605,20120111,28
605,20120111,12
605,20120123,28
605,20120123,30
605,20120123,19
605,20120123,15
605,20120206,30
605,20120717,17
605,20120717,12
605,20120717,19
605,20120717,23
605,20120717,31
605,20120717,30
605,20120111,9
605,20120703,19
605,20120703,29
605,20121206,26
605,20121206,29
605,20120424,11
605,20120424,5
605,20120424,34
605,20120424,1
605,20121019,8
605,20121029,33
605,20121029,32
605,20121029,30
605,20120618,29
605,20121207,8
605,20120203,15
605,20120203,20
605,20120203,29
605,20120203,23
605,20120203,8
605,20120822,9
605,20120822,8
605,20120822,20
605,20120831,23
605,20120413,3
605,20120413,38
605,20121017,13
605,20121017,12
605,20121017,8
605,20121017,34
605,20121026,30
605,20121026,31
605,20121026,12
605,20121026,15
605,20121026,23
605,20121026,1
605,20120511,20
605,20120511,32
605,20120511,19
605,20120511,15
605,20121101,23
605,20120820,15
605,20120627,26
605,20120928,33
605,20120603,20
605,20120603,18
605,20120603,8
605,20121127,18
605,20120627,4
605,20120627,17
605,20121213,20
605,20121213,8
605,20120523,17
605,20120523,9
605,20120523,8
605,20120420,30
605,20120829,17
605,20120829,18
605,20120626,12
605,20121023,34
605,20120504,16
605,20121031,12
607,20120323,12
607,20120323,18
607,20120326,18
607,20120326,12
607,20121003,12
607,20121003,8
607,20120709,29
607,20120709,34
605,20120619,31
605,20120619,28
605,20120619,26
605,20120703,28
605,20120501,9
605,20120501,12
605,20120501,20
605,20120501,26
605,20120426,12
605,20120426,11
605,20120426,32
605,20120319,31
605,20121003,12
605,20120112,11
605,20120620,30
605,20120620,4
605,20120620,3
605,20120620,13
605,20120624,13
605,20121217,26
605,20121217,23
605,20121217,19
605,20121217,11
605,20121217,8
605,20121217,30
605,20121130,20
605,20121119,4
605,20121119,19
605,20121119,3
605,20120312,29
605,20120914,15
605,20120709,20
605,20121105,18
605,20120601,2
605,20120601,8
605,20120601,11
605,20120601,13
605,20120601,1
605,20121126,6
605,20121126,2
607,20120611,15
607,20121203,8
607,20121203,6
607,20121203,11
605,20120416,8
605,20120416,12
605,20120416,13
605,20120416,27
605,20120416,1
605,20120416,5
605,20120423,8
605,20120423,12
605,20120501,30
605,20120712,19
605,20120712,31
605,20120712,32
605,20120417,13
605,20120417,11
605,20121002,1
605,20121002,26
605,20121112,29
605,20121112,30
605,20120620,33
605,20121213,34
605,20121213,6
605,20121018,26
605,20121018,34
605,20121018,33
605,20120413,34
605,20120625,11
605,20121206,6
605,20121206,12
605,20120406,12
605,20121107,1
605,20121226,19
605,20121226,15
605,20120426,20
605,20121017,26
605,20121017,18
605,20120530,32
605,20120530,31
605,20120530,5
605,20120531,32
605,20120531,31
605,20121228,15
605,20121228,19
607,20120425,28
607,20120425,13
607,20120425,8
607,20120425,1
607,20120425,2
607,20121003,33
607,20121003,5
607,20121003,11
607,20121003,17
607,20121003,29
607,20121003,30
607,20121003,31
607,20121015,8
607,20120529,8
607,20121119,31
607,20121119,19
607,20120713,30
607,20120713,5
607,20120713,2
607,20120713,15
607,20120713,19
607,20120713,31
607,20120719,19
607,20120417,18
607,20120417,8
607,20120926,8
605,20121115,13
605,20121115,12
605,20121115,18
605,20121115,31
607,20120509,8
607,20120509,15
607,20121128,30
607,20121128,34
607,20121128,19
607,20121128,31
607,20121128,14
607,20121128,15
607,20121128,8
607,20121128,26
607,20121207,19
605,20120125,18
605,20120905,6
605,20120905,3
605,20120410,26
605,20120618,26
605,20120618,13
605,20120705,34
605,20120411,8
605,20121018,8
607,20120423,18
607,20121107,23
607,20121107,34
605,20120410,15
605,20120210,32
605,20120412,26
605,20120412,16
605,20121030,8
605,20121030,15
605,20120120,20
605,20120611,9
605,20120611,33
605,20120611,8
605,20120611,13
605,20121204,16
605,20121204,18
605,20121204,1
605,20121204,4
605,20121204,31
605,20121204,20
605,20121204,3
605,20121213,31
605,20121213,1
605,20121213,9
605,20120312,8
605,20120312,16
605,20120312,6
605,20120312,13
605,20120905,31
605,20120905,16
605,20120905,12
605,20120914,12
605,20120914,1
605,20120914,13
605,20120914,28
605,20120914,9
605,20120914,31
605,20120918,18
605,20120918,28
605,20120918,31
605,20120918,9
605,20120918,13
605,20120918,19
605,20120924,28
605,20120924,31
605,20121008,29
605,20121008,30
605,20121008,31
605,20121008,20
605,20121008,19
605,20121008,15
605,20121008,1
605,20121008,33
605,20121008,8
605,20121008,9
605,20121008,4
605,20121010,16
605,20121022,8
605,20121022,3
605,20120328,8
605,20120918,23
605,20120210,8
605,20120515,18
605,20120309,34
605,20121001,30
605,20121001,20
605,20120621,34
605,20120222,19
605,20120222,34
605,20120222,17
605,20120411,18
605,20120926,9
605,20120412,32
605,20120522,20
605,20120522,18
605,20120522,11
605,20121211,11
605,20121211,12
605,20121113,34
605,20120710,12
605,20120710,15
605,20120710,20
605,20121008,18
605,20120109,30
605,20120109,19
605,20120203,18
605,20120203,17
605,20120203,19
605,20120203,9
605,20120203,16
605,20120203,11
605,20121101,11
605,20121101,8
605,20121101,34
605,20121101,20
605,20121101,27
605,20121101,18
605,20121101,16
605,20120503,4
605,20120503,9
605,20120124,19
605,20120124,32
605,20120124,17
605,20120124,30
605,20120124,22
605,20120124,31
605,20120203,32
605,20120203,31
605,20120203,30
605,20120118,28
605,20120118,15
605,20120831,31
605,20120201,26
605,20120201,19
605,20120201,16
607,20120620,20
605,20120427,20
605,20120911,26
605,20120418,12
605,20120614,17
605,20121126,1
605,20121126,4
605,20121126,3
605,20121227,24
605,20120210,4
605,20120210,17
605,20120810,16
605,20120810,23
605,20121109,2
605,20120410,12
605,20120627,13
605,20121226,11
607,20120103,4
607,20120103,5
607,20120103,17
607,20120103,12
607,20120103,1
607,20120103,3
607,20120112,19
607,20120112,11
607,20120112,1
607,20120619,18
607,20121212,26
607,20121212,8
607,20121212,12
607,20121212,16
605,20120326,8
605,20120420,11
605,20120420,12
605,20120420,17
605,20121203,6
605,20121219,18
605,20120626,23
605,20120626,26
605,20120626,18
605,20120527,33
605,20120829,8
605,20120829,11
607,20121018,30
607,20121018,16
605,20120627,34
605,20120404,18
605,20120404,27
605,20120924,5
605,20120924,2
605,20120924,9
605,20120924,15
605,20121105,11
605,20121105,1
605,20121105,26
605,20120419,30
605,20120419,17
605,20120419,31
605,20120430,6
605,20120430,17
605,20120430,8
605,20121022,11
605,20121022,16
605,20121022,18
605,20121022,17
605,20121022,20
605,20121022,34
605,20121022,33
605,20121022,4
605,20121022,2
605,20121031,31
605,20121031,16
605,20121126,34
605,20121126,17
605,20121126,11
605,20120503,8
605,20121019,32
605,20120424,9
605,20121019,34
605,20121019,28
605,20121019,1
605,20120126,5
605,20120717,20
605,20120717,16
605,20120622,18
605,20120622,8
605,20121219,30
605,20121219,32
605,20120605,11
605,20120605,26
605,20120605,33
605,20121127,33
605,20121127,4
605,20121127,26
605,20121127,16
607,20120607,2
607,20121130,26
607,20121130,8
605,20120118,20
605,20120118,9
605,20120118,8
605,20120905,14
605,20120905,36
605,20120427,19
605,20120427,5
605,20121017,9
605,20121017,29
605,20120502,33
607,20120626,26
607,20120626,15
607,20120626,5
607,20121219,13
607,20121219,16
607,20121219,27
605,20120103,26
605,20121206,27
605,20121206,23
605,20121206,2
605,20120815,30
605,20120420,7
605,20120420,33
605,20120420,9
605,20121008,14
605,20121008,5
605,20120208,18
605,20120208,23
605,20120208,31
605,20120208,33
605,20120208,3
605,20120208,4
605,20120222,20
605,20120222,8
605,20120806,20
605,20120628,9
605,20121130,5
605,20120412,33
605,20120412,34
605,20121114,13
605,20121207,13
605,20120601,28
605,20120601,5
605,20120612,28
605,20121206,17
605,20120806,16
605,20120119,5
605,20120711,5
605,20120131,8
605,20120626,16
605,20120626,27
605,20121205,4
605,20121205,3
605,20120221,15
605,20120917,15
605,20120917,31
605,20121204,33
605,20121221,8
605,20121221,2
605,20120518,23
605,20120518,17
605,20120518,26
605,20121204,32
605,20121204,24
605,20120119,31
605,20120709,30
605,20120621,17
605,20121009,20
605,20120301,11
605,20120301,12
605,20121002,8
605,20120908,12
605,20120725,16
605,20120725,11
605,20121114,16
605,20121128,17
605,20120117,11
605,20120117,34
605,20120117,26
605,20120117,12
605,20120117,20
605,20120809,9
605,20120809,13
605,20120809,34
605,20120809,12
605,20120820,12
605,20120820,9
605,20120103,17
605,20120717,5
605,20121010,13
605,20121010,12
605,20121023,12
605,20120123,9
605,20120123,20
605,20120422,19
605,20120420,8
605,20121016,32
605,20121016,15
605,20121226,33
607,20120628,5
607,20120628,26
607,20121205,12
605,20121031,6
605,20120315,11
605,20120315,33
605,20120315,18
605,20120920,15
605,20120920,12
605,20120920,33
605,20120927,8
605,20120927,23
605,20120927,11
605,20120927,18
605,20120424,12
605,20120424,13
605,20120424,6
605,20121120,13
605,20121120,32
605,20121129,16
607,20120514,32
607,20120514,31
607,20121113,15
607,20121113,19
607,20121113,31
607,20121113,34
607,20121113,32
605,20120625,33
605,20121217,9
605,20120514,13
605,20120524,31
605,20120524,19
605,20121219,23
605,20120504,30
605,20120517,17
605,20121108,31
605,20121031,8
605,20121031,17
605,20121031,30
605,20121031,13
605,20120426,17
605,20121126,26
605,20120723,16
605,20120419,18
605,20121105,9
605,20120611,32
605,20120611,3
605,20120611,4
605,20120504,13
605,20120606,9
605,20120606,11
605,20120621,30
605,20120104,19
605,20120104,13
605,20121114,1
605,20121114,17
605,20121114,26
605,20121101,4
605,20120227,26
605,20121003,19
605,20121003,9
605,20121003,18
605,20120912,20
605,20120227,17
605,20120605,13
605,20120605,12
605,20120605,31
605,20120614,12
605,20120614,31
605,20120614,15
605,20121109,12
605,20121109,31
605,20120511,12
605,20120511,17
605,20120511,25
605,20120315,19
605,20120315,1
605,20120821,31
605,20120821,30
605,20120620,20
605,20121217,20
605,20121217,3
605,20121217,4
605,20120502,2
605,20120507,27
605,20120507,20
605,20120301,9
605,20120301,4
605,20120301,23
605,20120301,32
605,20120301,31
605,20120301,3
605,20120301,1
605,20120314,31
605,20120314,32
605,20120314,34
605,20120911,31
605,20120911,32
605,20120911,11
605,20120124,26
605,20120731,11
605,20120731,15
605,20120731,20
605,20120224,8
605,20120224,31
605,20120224,20
605,20120224,30
605,20120224,15
605,20120827,8
605,20120827,30
605,20120827,13
605,20120827,11
605,20120827,4
605,20120827,22
605,20120830,31
605,20120216,4
605,20120216,33
605,20120807,31
605,20120807,3
605,20120807,11
605,20120807,18
605,20120328,6
605,20121217,18
605,20120202,27
605,20120726,19
605,20120628,30
605,20120628,15
605,20120628,16
605,20120927,3
605,20120927,4
605,20120814,15
605,20120814,19
605,20120814,18
605,20120516,31
605,20120423,15
605,20120125,8
605,20120125,9
605,20120125,12
605,20120726,8
605,20120531,1
605,20121212,1
605,20121212,5
605,20120511,26
605,20120511,30
605,20120511,31
605,20120511,34
607,20120202,1
607,20120202,30
607,20120523,34
605,20120111,20
605,20120809,31
605,20120809,23
605,20120527,1
605,20120527,8
605,20120621,18
605,20120621,16
605,20120518,18
605,20120518,34
605,20120518,15
605,20120518,11
605,20121107,6
605,20121107,4
605,20121107,3
605,20121107,26
605,20121109,18
605,20121109,28
605,20121109,11
605,20121109,34
605,20121109,26
605,20120411,31
605,20120411,23
605,20120109,16
605,20120109,2
605,20120716,18
605,20120120,33
605,20120523,19
605,20120523,16
605,20120523,5
605,20121230,26
605,20121230,19
605,20120131,9
605,20120131,30
605,20120816,31
605,20121025,20
605,20121025,32
605,20120927,15
605,20120927,32
605,20120927,31
607,20120502,34
607,20121031,32
607,20121031,26
607,20121031,20
607,20121031,17
607,20121031,12
607,20121031,11
605,20121203,33
605,20120501,32
605,20120501,1
605,20120501,29
605,20120511,29
605,20120511,13
605,20120517,32
605,20120926,19
605,20120926,16
605,20120926,12
605,20120926,26
605,20120926,32
605,20120926,8
605,20120926,1
605,20120926,29
605,20120926,28
605,20121008,28
605,20121008,16
605,20121008,32
605,20121015,29
605,20121015,31
605,20121015,32
605,20121226,32
605,20121226,12
605,20121213,23
607,20120618,20
607,20120618,19
607,20120618,34
607,20120618,15
605,20120217,12
605,20120217,13
605,20120217,23
605,20120217,26
605,20120217,30
605,20120227,30
605,20120227,23
605,20120618,17
605,20121210,33
605,20120815,26
607,20120517,20
605,20121127,12
605,20120312,18
605,20121004,27
605,20121004,17
605,20120309,32
605,20120309,2
607,20121212,1
605,20120120,17
605,20120516,2
605,20121115,34
605,20121115,5
605,20120427,33
605,20120427,2
605,20120427,11
605,20121022,5
605,20120622,20
605,20121109,29
607,20120413,1
607,20120413,19
607,20120413,31
607,20120912,19
607,20120613,15
607,20120613,16
607,20120613,19
607,20121004,19
607,20121004,28
607,20121004,31
607,20120529,30
607,20120529,19
607,20121120,33
607,20121120,30
607,20120105,16
607,20120724,13
607,20120724,19
607,20120724,28
607,20120724,16
607,20120807,32
607,20120807,19
607,20120807,26
607,20120807,16
607,20120508,19
607,20121010,8
607,20121010,26
607,20120118,19
607,20120723,19
607,20120723,5
607,20120312,8
607,20120911,26
607,20120911,2
607,20120921,16
607,20120921,20
607,20120921,33
607,20120921,1
607,20120413,34
607,20120925,26
607,20120606,16
607,20120606,19
607,20120606,5
607,20120209,19
607,20120209,34
607,20120803,26
607,20120803,18
607,20120423,26
607,20120109,1
607,20120109,15
607,20121112,31
607,20120503,9
607,20120503,19
607,20120619,26
607,20120305,26
605,20120203,5
605,20120906,8
605,20120906,19
605,20120906,12
605,20121026,35
605,20121026,28
605,20121026,9
605,20121026,8
605,20121026,17
605,20121130,32
605,20121130,17
605,20121130,35
605,20121217,32
605,20121217,34
605,20121217,13
605,20121217,17
605,20121217,31
605,20121228,20
605,20121228,30
605,20121228,34
605,20120301,16
605,20120822,32
605,20120822,16
605,20120607,9
605,20120607,20
605,20120607,17
605,20120521,30
605,20120521,33
605,20120521,8
605,20120521,31
605,20120104,30
605,20120104,12
605,20120104,16
605,20120104,1
605,20120613,30
605,20120613,13
605,20120613,17
605,20120613,26
605,20120622,34
605,20120622,30
605,20120622,12
605,20121218,32
605,20121218,31
605,20121218,30
605,20120514,3
605,20121109,33
605,20121109,9
605,20121109,37
605,20121109,3
605,20120706,20
605,20120706,32
605,20120706,26
605,20120706,31
605,20120706,15
605,20120210,6
605,20120210,12
605,20120210,11
605,20120210,20
605,20121001,5
605,20121001,12
605,20121001,16
605,20121001,1
605,20121001,11
605,20121001,32
605,20120915,13
605,20120915,8
605,20120915,31
605,20120126,31
605,20120126,16
605,20120716,12
605,20120716,23
605,20120716,19
605,20120716,34
605,20120323,5
605,20120323,30
605,20120919,27
605,20120919,31
605,20120919,15
605,20120830,15
605,20121120,34
605,20121119,8
605,20121030,17
605,20120529,15
605,20120529,18
605,20120118,30
605,20120118,31
605,20120118,17
605,20120725,4
605,20120725,8
605,20120725,19
605,20120725,1
605,20120711,30
605,20121101,12
605,20120920,31
605,20120920,32
605,20120507,34
605,20120611,17
605,20120611,1
605,20121205,33
605,20120614,27
605,20120327,18
605,20120327,19
605,20120919,18
607,20120130,34
607,20120720,16
607,20120720,34
607,20120720,20
607,20120720,33
607,20120720,19
607,20120720,31
607,20120720,15
607,20120313,23
607,20120313,19
607,20120313,34
607,20121107,27
607,20121107,11
607,20121107,19
607,20121107,31
607,20120111,19
607,20120406,34
607,20120406,12
607,20120406,13
607,20120406,17
607,20120406,18
607,20121107,8
607,20121107,15
607,20121113,20
607,20121113,26
607,20120621,19
607,20120621,34
607,20120621,20
607,20121126,12
607,20121126,19
607,20120604,20
607,20120604,28
607,20120604,30
607,20120604,31
607,20120604,34
607,20120604,19
607,20120813,26
607,20121129,19
607,20121129,13
607,20121129,17
607,20121129,34
607,20120120,19
607,20120717,12
607,20120214,19
607,20120214,20
607,20120806,34
607,20120806,15
607,20120905,26
607,20120202,27
607,20120202,19
607,20120202,34
607,20120202,26
607,20120202,31
607,20120202,20
607,20120202,32
607,20120822,32
607,20120822,12
607,20120822,31
607,20120822,34
607,20120213,19
607,20120213,34
607,20120213,26
607,20120417,4
607,20120417,19
607,20121210,34
605,20120411,19
605,20120411,1
605,20120423,31
605,20120912,1
605,20120912,31
605,20120912,15
605,20120619,18
605,20120619,5
605,20120619,12
605,20120619,11
605,20120619,34
605,20120328,15
605,20120328,22
605,20120328,30
605,20120328,19
605,20120328,26
605,20120328,23
605,20120328,29
605,20120330,30
605,20120813,30
605,20120813,23
605,20120813,27
605,20120221,31
605,20120724,9
605,20120920,8
605,20120920,23
605,20120120,30
605,20120321,17
605,20120321,12
605,20120301,13
605,20120319,12
605,20120905,4
605,20120529,13
605,20120329,12
605,20120314,28
605,20121022,35
605,20121022,9
605,20121022,13
605,20120326,12
605,20120810,12
605,20120222,18
605,20120214,34
605,20120214,27
605,20120806,30
605,20120112,18
605,20121211,13
605,20120921,15
605,20120921,23
605,20120921,19
605,20120118,11
605,20120723,9
605,20120906,30
605,20121024,19
605,20120329,3
605,20120111,34
605,20120720,19
605,20120927,13
605,20120420,16
605,20120420,34
605,20121003,16
605,20121206,13
605,20120106,13
605,20120106,32
605,20120427,23
605,20120202,3
605,20121026,33
605,20121026,11
605,20120606,8
605,20120111,13
605,20120120,13
605,20120703,16
605,20120427,34
605,20120417,32
605,20120104,18
605,20120104,17
605,20120620,11
605,20120620,16
605,20121228,31
605,20121228,2
605,20121228,18
605,20121228,8
605,20121024,13
605,20121024,17
605,20121227,13
607,20120621,5
607,20120621,15
607,20120621,8
607,20120621,18
607,20120626,3
607,20120626,30
607,20120626,17
607,20120626,18
607,20120626,11
607,20120709,8
607,20120709,20
607,20120723,26
607,20120723,8
607,20120723,20
607,20120723,16
607,20120730,26
607,20120730,8
607,20120730,16
607,20120730,23
607,20120730,18
607,20120123,12
607,20120123,15
607,20120123,30
607,20120807,20
607,20120807,12
607,20120305,32
607,20120305,15
607,20120305,12
607,20120305,19
607,20120305,31
607,20120305,30
607,20121211,9
607,20121211,15
607,20121211,34
607,20121211,32
607,20121211,30
607,20121211,19
605,20120418,18
605,20120418,16
605,20120418,20
605,20120418,1
605,20121101,5
605,20121101,6
605,20121101,2
605,20121101,3
605,20121109,4
605,20121109,30
605,20120612,32
605,20121214,15
605,20121214,8
605,20120928,30
605,20120312,27
605,20121003,27
605,20121003,20
605,20120111,4
605,20120813,17
605,20120823,8
605,20120417,33
605,20120417,19
605,20121018,17
605,20120223,17
605,20120119,12
605,20120717,33
605,20120312,
605,20120312,5
605,20121128,21
605,20121128,11
605,20121128,5
605,20120501,33
605,20121016,30
605,20121016,9
605,20121016,8
605,20121016,26
605,20121016,23
605,20120127,16
605,20120127,5
605,20120227,15
605,20120621,31
605,20120621,12
605,20120621,3
605,20121218,8
605,20121004,23
605,20121004,18
605,20121004,14
605,20121004,29
605,20120111,2
605,20120111,8
605,20121112,1
605,20121112,31
605,20121112,17
605,20121112,18
607,20120301,19
605,20120606,31
605,20120606,29
605,20120606,23
605,20120606,34
605,20120827,34
605,20120924,34
605,20120926,5
605,20121009,18
605,20120503,17
605,20120112,19
605,20120427,17
605,20120423,30
605,20120423,23
605,20120423,11
605,20120423,17
605,20120423,19
605,20121115,20
605,20120723,6
605,20120530,26
605,20121102,33
605,20121102,16
605,20120918,16
605,20120510,18
605,20120510,8
605,20120621,26
605,20120621,8
605,20121218,16
605,20120806,1
607,20120410,15
607,20120924,19
607,20120501,12
607,20120926,19
607,20121214,8
607,20121214,20
607,20120120,34
607,20120809,15
607,20120809,26
607,20120109,13
607,20120119,8
607,20120119,19
607,20120802,23
607,20120802,34
607,20120416,9
607,20120416,26
607,20120416,19
605,20120307,12
605,20120412,12
605,20120921,6
605,20120921,8
605,20120103,8
605,20120103,11
605,20120502,19
605,20120502,20
605,20120425,18
605,20120510,16
605,20120510,26
605,20121220,12
605,20121220,21
605,20121220,23
605,20120227,9
605,20120829,34
605,20120829,30
607,20120210,20
607,20120210,11
607,20120210,31
607,20120210,13
607,20120210,26
607,20120210,15
607,20120210,12
607,20120210,1
607,20120210,9
607,20120210,8
607,20120221,20
607,20120221,15
607,20120815,8
607,20120815,19
607,20120815,15
607,20120815,1
605,20120215,5
605,20120801,11
605,20120305,16
605,20120305,26
605,20120822,12
605,20120822,15
605,20120822,26
605,20120831,15
607,20121227,2
605,20120508,31
605,20120726,23
605,20120418,13
605,20120418,11
605,20120418,15
605,20121002,19
605,20120913,23
605,20120327,12
605,20120326,31
605,20120531,34
605,20120531,16
605,20120612,18
605,20120612,31
605,20121126,33
605,20120521,23
605,20120521,12
605,20121113,26
605,20121113,2
605,20120804,28
605,20120804,13
605,20120804,15
605,20120804,19
605,20120804,12
605,20120816,4
605,20120816,28
605,20120816,23
605,20120920,16
605,20120113,12
605,20120720,34
605,20120720,17
605,20120615,9
605,20121219,16
605,20121219,5
605,20120130,19
605,20120130,8
605,20120113,15
605,20120113,32
605,20120113,17
605,20120113,1
605,20120113,8
605,20120416,15
605,20120321,34
605,20120913,19
605,20120913,9
605,20120620,35
605,20120620,18
605,20121211,16
605,20121211,30
605,20121211,4
605,20120418,31
605,20120418,3
605,20121010,18
605,20120824,5
605,20120824,19
605,20120424,4
605,20121114,18
605,20120120,18
605,20120120,34
605,20120711,18
605,20120711,15
605,20120711,16
605,20120215,19
605,20120215,6
605,20120215,26
605,20120215,31
605,20120215,17
605,20120215,3
605,20120306,34
605,20120306,17
605,20120306,15
605,20120306,26
605,20120312,17
605,20120529,28
605,20120529,26
605,20120529,33
605,20120529,17
605,20120713,19
605,20120713,8
605,20120713,26
605,20121129,17
605,20121129,34
605,20120517,34
605,20120517,5
605,20121115,26
607,20120417,17
607,20120417,15
607,20120417,5
607,20120417,11
607,20121023,5
607,20121023,18
607,20121023,17
605,20120508,26
605,20120125,20
605,20120404,32
605,20121018,13
605,20121018,11
605,20121018,2
605,20120727,26
605,20120217,20
607,20120625,31
607,20120625,19
607,20121217,8
607,20120911,8
607,20120911,25
605,20120202,18
605,20120202,16
605,20120202,5
605,20120202,26
605,20120215,9
605,20120215,8
605,20120215,13
605,20120215,12
605,20120215,23
605,20120215,20
605,20120215,33
605,20120215,11
605,20120228,23
605,20120228,9
605,20120228,12
605,20120822,29
605,20120822,30
605,20120822,31
607,20120213,15
607,20120821,15
607,20120821,30
605,20120425,19
605,20120425,17
605,20120425,34
605,20120425,31
605,20121030,11
605,20121030,33
605,20121030,18
607,20121129,15
607,20120510,19
607,20121024,32
607,20121024,15
607,20121024,19
607,20120118,12
607,20120118,2
607,20120712,15
605,20120327,16
605,20120517,9
605,20120517,1
605,20121130,16
605,20121130,26
605,20121130,6
605,20121130,11
605,20121130,18
605,20120118,12
605,20120711,19
605,20120613,33
605,20121207,5
605,20121207,26
605,20121213,17
605,20121004,16
605,20120329,26
605,20120329,11
605,20120329,9
605,20120329,2
605,20120824,15
605,20120824,8
605,20121010,23
605,20120413,20
605,20120413,23
605,20120912,23
605,20120105,20
605,20120706,18
