business_id,name,address,city,state
67372,#1 CHINA BUFFET,,Lexington,KY
61072,1780'S CAFE,,Lexington,KY
65440,1ST.  BASE CONCESSION,,Lexington,KY
31040,300 GRILL EASTLAND,,Lexington,KY
32279,300 GRILL SOUTHLAND,,Lexington,KY
65439,3RD. BASE CONCESSIONN,,Lexington,KY
81149,4 SPICE INDIAN CUISINE,,Lexington,KY
95307,"A & W BURGERS, CHICKEN & FLOATS",,Lexington,KY
63427,A BABY EDUCATIONAL CENTER LLC,,Lexington,KY
65080,A CUP OF COMMON WEALTH,,Lexington,KY
30739,A LA LUCIE,,Lexington,KY
30740,A P  SUGGINS,,Lexington,KY
43192,"A&W BURGERS, CHICKEN, FLOATS",,Lexington,KY
75081,"ABC 123 LEARNING CENTER, LLC",,Lexington,KY
74487,ABUELO'S MEXICAN FOOD EMBASSY,,Lexington,KY
72071,ACTIVE DAY OF LEXINGTON,,Lexington,KY
41689,"ADVENTURE CENTER, LLS",,Lexington,KY
70022,AFC SUSHI @ KROGER # 407,,Lexington,KY
84685,AFC SUSHI @ KROGER #352,,Lexington,KY
88221,AFC SUSHI @ KROGER #737,,Lexington,KY
83286,AFC SUSHI @ KROGER #767,,Lexington,KY
79573,AFC SUSHI @ KROGER #768,,Lexington,KY
77973,AFC SUSHI @ KROGER 371,,Lexington,KY
89306,AFC SUSHI @ KROGER L-359,,Lexington,KY
77812,AFC SUSHI @ KROGER L-361,,Lexington,KY
89304,AFC SUSHI @ KROGER L-721,,Lexington,KY
82821,AFC SUSHI @ UKY001,,Lexington,KY
69425,"AFRICAN CARIBBEAN MKT, LLC",,Lexington,KY
54921,AG NORTH DELI,,Lexington,KY
68739,AGUASCALIENTES RESTAURANTE,,Lexington,KY
93062,ALANNA'S HOUSE OF SOUL,,Lexington,KY
67013,ALFALFA RESTAURANT,,Lexington,KY
56249,"ALMOST HOME CHILDCARE, INC.",,Lexington,KY
30745,AL'S BAR,,Lexington,KY
42242,ANDOVER GOLF AND COUNTRY CLUB,,Lexington,KY
89969,APIARY CATERING & EVENTS,,Lexington,KY
85539,APOTHECARY CAFE,,Lexington,KY
60544,APPLEBEE'S NEIGHBOR HOOD GRILL & BAR,,Lexington,KY
39671,APPLEBEE'S NEIGHBORHOOD GRILL & BAR,,Lexington,KY
71880,APPLEBEE'S NEIGHBORHOOD GRILL & BAR,,Lexington,KY
76520,APPLEBEE'S NEIGHBORHOOD GRILL & BAR,,Lexington,KY
30794,ARAMARK CAFETERIA,,Lexington,KY
31459,ARAMARK-BLDG 3/LEXMARK,,Lexington,KY
36043,ARAMARK-BUILDING 32-35/LEXMARK,,Lexington,KY
76790,ARBOR YOUTH SERVICES,,Lexington,KY
48387,ARBY'S,,Lexington,KY
48691,ARBY'S,,Lexington,KY
54402,ARBY'S,,Lexington,KY
49229,ARBY'S - PALOMAR,,Lexington,KY
30759,ARBY'S #1092,,Lexington,KY
30756,ARBY'S #1128,,Lexington,KY
30761,ARBY'S #1299,,Lexington,KY
30757,ARBY'S #1339,,Lexington,KY
30762,ARBY'S #159,,Lexington,KY
62651,ARBY'S #6911,,Lexington,KY
30760,ARBY'S #784,,Lexington,KY
30758,ARBY'S OF LEXINGTON #1952,,Lexington,KY
30763,ARBY'S RESTAURANT,,Lexington,KY
91858,ARCADIUM,,Lexington,KY
71289,ARCHITECTURAL KITCHENS & BATHS,,Lexington,KY
30904,ARIRANG GARDEN,,Lexington,KY
63815,ARLINGTON CHRISTIAN CHURCH,,Lexington,KY
30764,ARLINGTON ELEMENTARY SCHOOL,,Lexington,KY
32210,AS DE OROS,,Lexington,KY
80512,ASHLAND AVE. BAPTIST CHURCH,,Lexington,KY
30767,ASHLAND CHEMICAL - LEXINGTON,,Lexington,KY
30766,ASHLAND ELEMENTARY SCHOOL,,Lexington,KY
30768,ASHLAND TERRACE,,Lexington,KY
71151,ASIA CAFE,,Lexington,KY
77498,ASIAN CAFE,,Lexington,KY
43117,ASIAN TOO EXPRESS,,Lexington,KY
50280,ASIAN WIND RESTAURANT,,Lexington,KY
78050,ASIANA CUISINE ENTERPRISES,,Lexington,KY
71975,ASUKA GRILL & SHUSHI,,Lexington,KY
38315,ATHENIAN GRILL,,Lexington,KY
31995,ATHENS FOOD MART,,Lexington,KY
60746,ATHENS SOFTBALL COMPLEX,,Lexington,KY
76625,ATHENS-CHILESBURG ELEMENTARY,,Lexington,KY
30742,ATOMIC CAFE,,Lexington,KY
71209,AUNTIE ANNE'S  PRETZELS,,Lexington,KY
30773,AUSTIN CITY SALOON,,Lexington,KY
61166,AVON MART,,Lexington,KY
30774,AVON SERVICE MART AND GRILL,,Lexington,KY
72696,AZUR,,Lexington,KY
76013,B.D.'S MONGOLIAN BARBEQUE,,Lexington,KY
89821,BABYCAKES CUPCAKES,,Lexington,KY
67829,BACKSTRETCH BAR & GRILL,,Lexington,KY
89308,BACKSTRETCH BAR & GRILL (COMMISSARY FOR D DOGS),,Lexington,KY
61459,BACKYARD BURGERS,,Lexington,KY
65287,BACKYARD BURGERS,,Lexington,KY
32225,BAKERY BLESSINGS & BOOKSTORE @ THE BAR,,Lexington,KY
85008,BAKERY NIETO - PANADERIA NIETO,,Lexington,KY
94566,BAPTIST HEALTH LEXINGTON CHILD DEVELOPMENT CENTER,,Lexington,KY
30885,"BAPTIST HEALTH LEXINGTON, CAFE CENTRAL",,Lexington,KY
66803,"BAPTIST HEALTH LEXINGTON, EDUCATION CENTER",,Lexington,KY
89926,BARBARA COOK CATERING,,Lexington,KY
61343,BARNES & NOBLE BOOKSELLERS,,Lexington,KY
30782,BASKIN ROBBINS,,Lexington,KY
91909,BASKIN ROBBINS,,Lexington,KY
32402,BASKIN ROBBINS ICE CREAM,,Lexington,KY
32215,BAYOU BLUEGRASS CATERING@,,Lexington,KY
31181,BD'S MONGOLIAN GRILL,,Lexington,KY
61796,BEAUMONT BAR & GRILL,,Lexington,KY
30785,BEAUMONT MIDDLE SCHOOL,,Lexington,KY
58942,"BEER TRAPPE, THE",,Lexington,KY
56134,BELLA NOTTE ITALIAN TRATTORIA,,Lexington,KY
94180,BELLE'S BAR,,Lexington,KY
65274,BELLINI'S-MI INTERNATIONAL/DBA,,Lexington,KY
30789,BIG BLUE BIRD EARLY,,Lexington,KY
30792,BILLY'S BAR B Q,,Lexington,KY
93523,BLACK PEARL KIOSK,,Lexington,KY
32446,BLAZER CAFE,,Lexington,KY
31631,BLUE 3 STAND,,Lexington,KY
31623,BLUE CONCOURSE NO. 4,,Lexington,KY
91112,BLUE DEVILS FOOTBALL BOOSTERS,,Lexington,KY
90181,BLUE DOOR SMOKEHOUSE,,Lexington,KY
30796,BLUE GRASS CHRISTIAN CAMP,,Lexington,KY
91880,"BLUE HERON, THE",,Lexington,KY
68202,BLUE REEF - SUSHI & GRILL,,Lexington,KY
93444,BLUE STALLION,,Lexington,KY
31138,BLUEFIRE BAR & GRILL,,Lexington,KY
62124,BLUEGRASS BAPTIST SCHOOL,,Lexington,KY
30771,BLUEGRASS CAFE @ BCTC,,Lexington,KY
37896,BLUEGRASS CATERING,,Lexington,KY
67747,BLUEGRASS GIRLS FASTPITCH,,Lexington,KY
76789,BLUEGRASS TAVERN,,Lexington,KY
92854,BLUEGRASS VOLLEYBALL CENTER,,Lexington,KY
30800,BOB EVANS RESTAURANT #107,,Lexington,KY
30799,BOB EVANS RESTAURANT #53,,Lexington,KY
87246,BOB'S HOT DOGS COMMISSARY,,Lexington,KY
31557,BOMBAY BAR & GRILL,,Lexington,KY
72553,BONEFISH GRILL,,Lexington,KY
30804,BOOKER T. WASHINGTON ACADEMY - PRIMARY,,Lexington,KY
30797,BOOKER T. WASHINGTON ACADEMY- INTERMEDIATE,,Lexington,KY
68675,BOURBON N'  TOULOUSE,,Lexington,KY
61165,BP OIL MAPLELEAF,,Lexington,KY
37018,BP RICHMOND RD,,Lexington,KY
76791,BRACKTOWN ACAD. LEARNING CTR.,,Lexington,KY
76661,BRACKTOWN BAPTIST CHURCH,,Lexington,KY
87741,BRADFORD BBQ,,Lexington,KY
30689,BRASABANA,,Lexington,KY
30808,BRECKINRIDGE ELEMENTARY,,Lexington,KY
77157,BRENDA D. COWAN COALITION,,Lexington,KY
92289,BRICK OVEN PIZZERIA,,Lexington,KY
61878,"BRIDGE PIZZA, THE",,Lexington,KY
30822,BROOKS BBQ 2,,Lexington,KY
56602,BRU BURGER BAR,,Lexington,KY
90209,BRYAN STATION BASEBALL BOOSTER CONCESSION,,Lexington,KY
68559,BRYAN STATION HIGH - SOFTBALL,,Lexington,KY
30816,BRYAN STATION HIGH SCHOOL,,Lexington,KY
30815,BRYAN STATION MIDDLE SCHOOL,,Lexington,KY
65436,BUDWEISER STABLES,,Lexington,KY
58029,BUFFALO WILD WINGS #15,,Lexington,KY
64910,BUFFALO WILD WINGS GRILL & BAR #49,,Lexington,KY
31454,BURGER & SHAKE,,Lexington,KY
30821,BURGER KING #1007,,Lexington,KY
84794,BURGER KING #17304,,Lexington,KY
30824,BURGER KING #1923,,Lexington,KY
50119,BURGER KING #8249,,Lexington,KY
52037,BURGER KING #8725,,Lexington,KY
83658,BUSTER'S BILLARDS AND BACKROOM,,Lexington,KY
30827,C & P RESTAURANT,,Lexington,KY
34431,CAFE SOUTH,,Lexington,KY
87760,CAJUN,,Lexington,KY
90279,CAKES BY JULIE,,Lexington,KY
31779,CAMBRIDGE PLACE,,Lexington,KY
30830,CAMELOT EAST,,Lexington,KY
30831,CAMELOT WEST,,Lexington,KY
30832,"CAMPBELL HOUSE, THE",,Lexington,KY
30783,CAMPUS CAFE,,Lexington,KY
47738,CAMPUS KIDS,,Lexington,KY
32521,CAMPUS PUB LLC,,Lexington,KY
30869,CAPTAIN D'S,,Lexington,KY
30870,CAPTAIN D'S,,Lexington,KY
30871,CAPTAIN D'S,,Lexington,KY
77359,CARAMANDA'S BAKE SHOP,,Lexington,KY
80653,CARAMANDA'S BAKE SHOPPE INC,,Lexington,KY
48726,CARAMEL CARNIVAL,,Lexington,KY
30872,CARDINAL HILL HOSPITAL,,Lexington,KY
30873,CARDINAL VALLEY ELEM. SCHOOL,,Lexington,KY
68737,CARINO'S #901,,Lexington,KY
75714,CARINO'S #904,,Lexington,KY
54982,CARMIKE 10 CINEMAS,,Lexington,KY
67299,CARRABBA'S ITALIAN GRILL,,Lexington,KY
69125,CASANOVA EXPRESS,,Lexington,KY
30881,CASSIDY ELEMENTARY SCHOOL,,Lexington,KY
65666,CATERING BY DONNA,,Lexington,KY
65030,CATHOLIC ACTION CENTER,,Lexington,KY
75078,"CELLAR BAR & GRILL, THE",,Lexington,KY
48036,CENTENARY UNITED METHODIST,,Lexington,KY
70805,CENTER FOR CLINICAL & TRANSLATIONAL SCIENCE,,Lexington,KY
74017,CENTRAL BAPTIST CHURCH,,Lexington,KY
38961,CENTRAL CHRISITAN CHILD CARE,,Lexington,KY
93825,CENTRAL KY RECOVERY CNTR - PCH #2,,Lexington,KY
93826,CENTRAL KY RECOVERY CNTR PAT CARE #1,,Lexington,KY
76417,CHAMPS SKATE CENTER,,Lexington,KY
62322,CHAO CAJUN #F-22,,Lexington,KY
30889,CHARLIE BROWN'S,,Lexington,KY
30678,CHARLIE'S SEAFOOD,,Lexington,KY
95975,CHASE TAP ROOM,,Lexington,KY
37650,CHATHAM'S SOUTHERN COMFORT FOOD,,Lexington,KY
30893,CHEAPSIDE BAR,,Lexington,KY
55047,CHEDDAR'S,,Lexington,KY
79522,CHEDDAR'S,,Lexington,KY
89981,"CHEN OSAKA , INC",,Lexington,KY
44583,CHENGS RESTAURANT,,Lexington,KY
30875,CHERISH THE CHILD,,Lexington,KY
88878,CHERRY BERRY,,Lexington,KY
30896,CHEVY CHASE INN,,Lexington,KY
70999,"CHICKEN CASA, THE",,Lexington,KY
69882,CHICK-FIL-A,,Lexington,KY
81292,CHICK-FIL-A,,Lexington,KY
67108,CHICK-FIL-A @ TURFLAND MALL,,Lexington,KY
32453,CHICK-FIL-A @ UK,,Lexington,KY
73934,CHICK-FIL-A FAYETTE MALL,,Lexington,KY
91129,CHILD DEVELOPMENT CENTER OF THE BLUEGRASS,,Lexington,KY
30899,CHILDREN'S HAVEN,,Lexington,KY
94734,"CHILDREN'S SPOT CREATIVE CHILDCARE, THE",,Lexington,KY
52855,CHILDREN'S TREEHOUSE OF KNOWLEDGE,,Lexington,KY
62511,CHILI'S #600,,Lexington,KY
60151,CHILI'S SOUTHWEST GRILL & BAR,,Lexington,KY
92043,"CHILL SPOT LOUNGE, THE",,Lexington,KY
61879,CHINA BUFFET,,Lexington,KY
31022,CHINA HUT,,Lexington,KY
52351,CHINA KING,,Lexington,KY
54377,CHINA KING,,Lexington,KY
70478,CHINA STAR,,Lexington,KY
35287,CHINOE PUB,,Lexington,KY
95866,CHINO'S DADA,,Lexington,KY
70890,CHIPOTLE MEXICAN GRILL #572,,Lexington,KY
70400,CHIPOTLE MEXICAN GRILL OF CO,,Lexington,KY
71759,CHIPOTLE MEXICAN GRILL OF CO,,Lexington,KY
50717,CHOP HOUSE,,Lexington,KY
74490,CHOPSTIX CHINESE RESTAURANT,,Lexington,KY
89212,CHRISMAN MILL WINERY,,Lexington,KY
53562,CHRIST CHURCH CATHEDRAL,,Lexington,KY
30906,CHRIST THE KING SCHOOL,,Lexington,KY
67304,CHRYSALIS COMMUNITY CENTER,,Lexington,KY
46762,CHRYSALIS HOUSE,,Lexington,KY
73484,CHRYSALIS HOUSE FAMILY PROGRAM,,Lexington,KY
45621,CHRYSALIS HOUSE/FAMILY PROGRAM,,Lexington,KY
32256,CHUCK E CHEESE,,Lexington,KY
30907,CHURCH OF GOD CAMP,,Lexington,KY
38576,CHURCH OF GOD CONCESSION,,Lexington,KY
56360,CHURCH OF THE GOOD SHEPHERD,,Lexington,KY
49981,CHUY'S LEXINGTON,,Lexington,KY
31024,CICI'S PIZZA,,Lexington,KY
39214,CINCO DE MAYO,,Lexington,KY
74489,"CINEMARK USA, INC. (FAYETTE MALL)",,Lexington,KY
62183,CIRCLE K #3211,,Lexington,KY
52206,CIRCLE K #3212,,Lexington,KY
30941,CIRCLE K #3214,,Lexington,KY
30944,CIRCLE K #3302,,Lexington,KY
31984,CITGO FOOD MART,,Lexington,KY
90866,CITY BBQ,,Lexington,KY
32252,CITY BUFFET,,Lexington,KY
31107,CLAMATO'S,,Lexington,KY
31312,CLARION HOTEL,,Lexington,KY
49627,CLARKS PUMP & SHOP #36/CHEVRON,,Lexington,KY
78924,CLASSIC CAKES,,Lexington,KY
93252,CLAWDADDY'S,,Lexington,KY
30909,CLAYS MILL ELEMENTARY SCHOOL,,Lexington,KY
92402,COBA,,Lexington,KY
82113,COCINA EL SABOR JAROCHO,,Lexington,KY
66548,COCKTAILS BAR & GRILL,,Lexington,KY
76795,COFFEA,,Lexington,KY
85947,COFFEE HOUSE DBA MINTON'S CAFE,,Lexington,KY
75004,COFFEE PUB,,Lexington,KY
32996,"COFFEE TIMES, INC",,Lexington,KY
73758,COLD STONE CREAMERY #1869,,Lexington,KY
54656,COLES 735 MAIN,,Lexington,KY
30915,COLUMBIA STEAK HOUSE,,Lexington,KY
30956,COLUMBIA STEAKHOUSE GRILLE,,Lexington,KY
32044,COMEDY OFF BROADWAY,,Lexington,KY
71625,COMFORT INN,,Lexington,KY
71992,COMFORT SUITES,,Lexington,KY
92520,COMMISSARY RICK'S HOT DOGS -,,Lexington,KY
31370,COMMON GROUNDS,,Lexington,KY
47138,COMMON GROUNDS COFFEE HOUSE & CAFE',,Lexington,KY
32450,COMMONS MARKET,,Lexington,KY
69336,COMMONWEALTH BAPTIST COLLEGE,,Lexington,KY
30925,COMMUNITY ACTION COUNCIL,,Lexington,KY
30842,CONCESSION # 105,,Lexington,KY
34427,CONCESSION # 109,,Lexington,KY
34409,CONCESSION # 115,,Lexington,KY
34408,CONCESSION # 119,,Lexington,KY
30843,CONCESSION # 125,,Lexington,KY
30845,CONCESSION # 128,,Lexington,KY
30844,CONCESSION # 129,,Lexington,KY
34387,CONCESSION # 155,,Lexington,KY
30853,CONCESSION # 156,,Lexington,KY
30859,CONCESSION # 159,,Lexington,KY
30848,CONCESSION # 165,,Lexington,KY
30849,CONCESSION # 169,,Lexington,KY
30852,CONCESSION # 175,,Lexington,KY
30850,CONCESSION # 179,,Lexington,KY
30864,CONCESSION # 205,,Lexington,KY
30857,CONCESSION # 209,,Lexington,KY
30854,CONCESSION # 215,,Lexington,KY
34400,CONCESSION # 219,,Lexington,KY
34395,CONCESSION # 225,,Lexington,KY
30856,CONCESSION # 229,,Lexington,KY
30858,CONCESSION # 255,,Lexington,KY
30847,CONCESSION # 259,,Lexington,KY
30860,CONCESSION # 265,,Lexington,KY
30861,CONCESSION # 269,,Lexington,KY
30862,CONCESSION # 275,,Lexington,KY
30863,CONCESSION # 279,,Lexington,KY
62888,CONCESSION #138 - PAPA JOHNS,,Lexington,KY
30851,CONCESSION #178,,Lexington,KY
62919,CONCESSION 136,,Lexington,KY
62914,CONCESSION 137,,Lexington,KY
62921,CONCESSION 140,,Lexington,KY
62920,CONCESSION 143,,Lexington,KY
62917,CONCESSION 187,,Lexington,KY
62915,CONCESSION 193,,Lexington,KY
77268,CONCESSON #106,,Lexington,KY
95896,CONFUSED CONFECTIONS,,Lexington,KY
45419,CONSOLIDATED BAPTIST CHURCH,,Lexington,KY
32300,COOKOUT,,Lexington,KY
94406,CORRISOFT,,Lexington,KY
66680,COSI,,Lexington,KY
91928,COSI,,Lexington,KY
73631,COSI RESTAURANT,,Lexington,KY
59608,COSMIC CHARLIE'S,,Lexington,KY
94033,COSTCO WHOLESALE,,Lexington,KY
89763,"COUNTRY BOY BREWING, LLC",,Lexington,KY
69638,COUNTRY COOKIN' BY GEORGE,,Lexington,KY
74907,COUNTRY INN & SUITES,,Lexington,KY
92754,COUNTY CLUB,,Lexington,KY
30960,COURTYARD BY MARRIOTT,,Lexington,KY
61875,COURTYARD BY MARRIOTT,,Lexington,KY
88313,"COURTYARD CAFE, THE",,Lexington,KY
84101,COVERED ARENA DINER,,Lexington,KY
30961,COWBOY'S,,Lexington,KY
30963,CRACKER BARREL OLD COUNTRY STORE #19,,Lexington,KY
38432,CRACKER BARREL OLD COUNTRY STORE #77,,Lexington,KY
30965,CRAWFORD MIDDLE SCHOOL,,Lexington,KY
95185,CRAZY DOGS DELI,,Lexington,KY
86782,"CREATION KINGDOM HAMBURG, LLC",,Lexington,KY
83911,CREATION KINGDOM MILLPOND,,Lexington,KY
79860,CREATIVE BEGINNINGS,,Lexington,KY
78681,"CREATIVE KIDS CHILD CARE, INC.",,Lexington,KY
30966,CRESTWOOD CHRISTIAN CHILD CC,,Lexington,KY
42866,CRITCHFIELD MEATS,,Lexington,KY
37333,CROSSINGS/BANG,,Lexington,KY
88366,"CRUST, SMASHING TOMATO 3, LLC, DBA",,Lexington,KY
75514,CULVER'S RESTAURANT,,Lexington,KY
75632,CULVER'S RESTAURANT,,Lexington,KY
54282,CURRY HOUSE,,Lexington,KY
86161,CYNTHIA'S RESTAURANT,,Lexington,KY
86955,DAD'S FAVORITES,,Lexington,KY
95452,DAD'S FAVORITES,,Lexington,KY
30978,DAIRY QUEEN,,Lexington,KY
31021,DAIRY QUEEN,,Lexington,KY
63584,DAIRY QUEEN,,Lexington,KY
63275,DAIRY QUEEN #309,,Lexington,KY
75722,DARAE & FRIENDS,,Lexington,KY
47139,DARIO'S,,Lexington,KY
67307,DAY LIGHT DONUTS,,Lexington,KY
30990,DEEP SPRINGS SCHOOL,,Lexington,KY
87125,DEJA VU,,Lexington,KY
30995,"DELI MART, INC., THE",,Lexington,KY
31491,DENNY'S #8766,,Lexington,KY
31494,DENNY'S #8770,,Lexington,KY
62056,DEPOT DELICATESSEN,,Lexington,KY
31615,DETROIT CONEY ISLAND,,Lexington,KY
32515,DETROIT CONEY ISLAND,,Lexington,KY
68414,"DEVOTION ENTERPRISES, LLC",,Lexington,KY
30743,DIANA SUPERMARKET INC,,Lexington,KY
95605,DICKEY'S BBQ PIT,,Lexington,KY
56945,"DISH, THE",,Lexington,KY
49294,DISMAS CHARITIES LEXINGTON,,Lexington,KY
69642,DIVA'S,,Lexington,KY
31006,DIXIE ELEMENTARY SCHOOL,,Lexington,KY
62841,DOMINO'S,,Lexington,KY
31008,DOMINO'S PIZZA,,Lexington,KY
31014,DOMINO'S PIZZA,,Lexington,KY
47340,DOMINO'S PIZZA,,Lexington,KY
66585,DOMINO'S PIZZA  #  1406,,Lexington,KY
64029,DOMINO'S PIZZA  #180,,Lexington,KY
31016,DOMINO'S PIZZA STS PIZZA,,Lexington,KY
53940,DONATO'S,,Lexington,KY
61333,DONATO'S,,Lexington,KY
62159,DONATO'S PIZZA,,Lexington,KY
66256,DONATO'S PIZZA,,Lexington,KY
56132,DONATO'S PIZZA - BEAUMONT CTR.,,Lexington,KY
32440,DONG YANG MARKET,,Lexington,KY
31018,DONUT DAYS,,Lexington,KY
69332,DOODLES,,Lexington,KY
72277,DOUBLE H BBQ,,Lexington,KY
90402,DOUBLE H BBQ,,Lexington,KY
37356,DOUBLE TREE GUEST SUITES,,Lexington,KY
87496,DOUGHBY'S,,Lexington,KY
84961,DUDLEY'S RESTAURANT,,Lexington,KY
65669,DUNBAR BASEBALL CONCESSION,,Lexington,KY
67302,DUNBAR FOOTBALL CONCESSION,,Lexington,KY
68558,DUNBAR HIGH SCHOOL SOFTBALL,,Lexington,KY
80513,DUNKIN DONUTS,,Lexington,KY
82346,DUNKIN DONUTS,,Lexington,KY
94470,DUNKIN DONUTS,,Lexington,KY
55114,"DUPREE CATERING & EVENTS, LLC",,Lexington,KY
32022,DURANGO'S MEXICAN RESTAURANT,,Lexington,KY
31184,EAST 7TH STREET MISSION,,Lexington,KY
93827,EASTERN STATE HOSPITAL - KITCHEN,,Lexington,KY
75036,EDIBLE ARRANGEMENTS,,Lexington,KY
31044,EDUCARE LEARNING CENTER,,Lexington,KY
69420,EDYTHE J HAYES MIDDLE SCHOOL,,Lexington,KY
93443,EL BUEN TACO,,Lexington,KY
76884,EL CHARRO AUTHENTIC MEXICAN CUISINE,,Lexington,KY
47339,EL CIELO BAR,,Lexington,KY
86918,EL GRAN TAKO #2,,Lexington,KY
31592,EL HABANERO LOKO,,Lexington,KY
32479,EL MALECON,,Lexington,KY
81712,EL MARIACHI MEXICAN RESTAURANT,,Lexington,KY
67778,EL MILAGRO DOS,,Lexington,KY
69603,EL RANCHO TAPATIO TAQUERIA &,,Lexington,KY
74015,EL REY DE-LOS POLLOS & EL REY DE MARISCOS,,Lexington,KY
31012,EL SABOR DE MEXICO RESTAURANT & TAYUENA,,Lexington,KY
64268,EL TORO RESTAURANT,,Lexington,KY
89752,ELLO'S ON BROADWAY,,Lexington,KY
62113,EMBASSY SUITES LEXINGTON,,Lexington,KY
81390,EMBRACE UNITED METHODIST CHURCH,,Lexington,KY
72708,EMERSON CENTER,,Lexington,KY
76396,ENOTECA,,Lexington,KY
86708,EQUESTRIAN ROOM KITCHEN,,Lexington,KY
86714,EVERGREEN BAPTIST CHURCH,,Lexington,KY
31624,EXPRESS 11,,Lexington,KY
35860,F & D MARKET,,Lexington,KY
83768,FAIRFIELD INN & SUITES,,Lexington,KY
42875,FAITH LUTHERAN CHILD CARE MINISTRIES,,Lexington,KY
90818,FAMILY CARE CENTER (LFUCG),,Lexington,KY
60888,FARM MARKET,,Lexington,KY
31073,FASIG-TIPTON BAR,,Lexington,KY
31072,FASIG-TIPTON COFFEE SHOP,,Lexington,KY
31070,FASIG-TIPTON MAIN DINING,,Lexington,KY
30942,FAST STOP,,Lexington,KY
47379,"FATBURGER, THE",,Lexington,KY
47556,FAYETTE CO. CO-OP EXT. SERVICE,,Lexington,KY
51962,FAYETTE COUNTY PRESCHOOL,,Lexington,KY
75019,FAYETTE REG. JUV. DET. CTR.,,Lexington,KY
43388,FAZOLI'S - #1607,,Lexington,KY
35843,FAZOLI'S #1601,,Lexington,KY
31104,FAZOLI'S #1605,,Lexington,KY
32207,FAZOLI'S #1606,,Lexington,KY
46590,FAZOLI'S #1624,,Lexington,KY
50583,FAZOLI'S #1658,,Lexington,KY
59209,FAZOLI'S #1785,,Lexington,KY
79784,FEED THE HUNGRY,,Lexington,KY
89403,FIREHOUSE SUBS,,Lexington,KY
92161,FIREHOUSE SUBS,,Lexington,KY
95814,FIREHOUSE SUBS,,Lexington,KY
77652,FIREHOUSE SUBS #301,,Lexington,KY
54104,FIRST CHOICE CHILD CARE CENTER,,Lexington,KY
87711,FIRST PRESBYTERIAN CHURCH,,Lexington,KY
69007,FIRST UNITED METHODIST CHURCH,,Lexington,KY
91424,FIRST WATCH,,Lexington,KY
95028,FIRST WATCH RESTAURANT,,Lexington,KY
93629,FIRST WATCH SIMPSON CENTER,,Lexington,KY
57177,FIT FRESH FOODS LLC,,Lexington,KY
90334,FIVE GUYS BURGERS & FRIES,,Lexington,KY
59137,FIVEGUYS,,Lexington,KY
49093,FOLIAGE CHINESE RESTAURANT,,Lexington,KY
76794,"FRESH MARKET, THE",,Lexington,KY
45420,FRIENDSHIP TOWERS @ SAYRE,,Lexington,KY
31101,FRISCH'S #148,,Lexington,KY
94359,FRISCH'S RESTAURANT,,Lexington,KY
67306,FRO-JO'S,,Lexington,KY
65981,FURLONGS,,Lexington,KY
31613,FUSION,,Lexington,KY
31129,GARDEN SPRINGS,,Lexington,KY
31127,GARDEN SPRINGS DAY SCHOOL,,Lexington,KY
64667,GATTI TOWN,,Lexington,KY
30790,GAY BREWER JR CRS @ PICADOME,,Lexington,KY
70021,GENJI LLC. SUSHI BAR,,Lexington,KY
31133,GEORGE'S DELI AND GROCERY,,Lexington,KY
86549,"GIFT BOX &  TEA ROOM, THE",,Lexington,KY
85020,GIGI'S CUPCAKES,,Lexington,KY
92801,"GINKGO TREE, THE",,Lexington,KY
64102,GIOVANNI'S OF LEXINGTON,,Lexington,KY
44790,GIUSEPPE'S,,Lexington,KY
31144,GLENDOVER ELEMENTARY SCHOOL,,Lexington,KY
94895,GLUTEN FREE MIRACLES,,Lexington,KY
63610,GODIVA CHOCOLATIER INC,,Lexington,KY
65285,GOLD STAR,,Lexington,KY
31637,GOLD STAR CHILI,,Lexington,KY
32222,GOLD STAR CHILI,,Lexington,KY
42487,GOLD STAR CHILI,,Lexington,KY
93421,GOLD STAR CHILI,,Lexington,KY
59210,GOLDEN BUFFET,,Lexington,KY
66606,GOLDEN CORRAL,,Lexington,KY
48160,GOLDEN WOK,,Lexington,KY
62652,GOOD FOODS MARKET & CAFE,,Lexington,KY
75079,GOODFELLA'S PIZZA,,Lexington,KY
84546,GOODFELLAS PIZZERIA,,Lexington,KY
70989,GORDON FOODS MARKETPLACE STORE,,Lexington,KY
68357,GOURMET CAFE & CATERING,,Lexington,KY
90207,GRAETER'S ICE CREAM,,Lexington,KY
92948,GRAETER'S ICE CREAM,,Lexington,KY
74801,GRAND TACO,,Lexington,KY
32459,GREAT BAGEL,,Lexington,KY
31180,GREAT CHINA,,Lexington,KY
73927,GREAT HARVEST BREAD CO,,Lexington,KY
64094,GREAT STEAK & POTATO COMPANY,,Lexington,KY
48520,GREAT WALL CHINESE RESTAURANT,,Lexington,KY
31626,GREEN CORNER STAND,,Lexington,KY
82657,GREEN CUSTARD A,,Lexington,KY
82656,GREEN CUSTARD B,,Lexington,KY
38434,GREENBRIER CC SNACK BAR,,Lexington,KY
31187,GREENBRIER COUNTRY CLUB,,Lexington,KY
64695,GREEN'S CAFE,,Lexington,KY
63834,GREENTREE RESTAURANT,,Lexington,KY
32962,"GREY GOOSE, THE",,Lexington,KY
30691,GRIFFIN GATE MARRIOTT RESORT AND SPA,,Lexington,KY
33185,GROWING TOGETHER PRE-SCHOOL,,Lexington,KY
92183,GUCKENHEIMER TEMPURPEDIC,,Lexington,KY
88877,GUESTHOUSE INN & SUITES,,Lexington,KY
68007,GUMBO YA YA,,Lexington,KY
55660,GYROZ EATERY,,Lexington,KY
33007,H & M MARKET,,Lexington,KY
64988,HALLIS ELEMENTARY SCHOOL,,Lexington,KY
71769,HAMPTON INN - LEXINGTON,,Lexington,KY
88808,HAMPTON INN I-75,,Lexington,KY
68804,HAN WOO RI RESTAURANT,,Lexington,KY
57694,HANANOKI JAPANESE STEAKHOUSE & SUSHI,,Lexington,KY
31651,HANNA'S ON LIME,,Lexington,KY
78765,HAPPY CHINA,,Lexington,KY
38575,HAPPY DRAGON,,Lexington,KY
87249,HAPPY PANDA,,Lexington,KY
31197,HARDEE'S,,Lexington,KY
31198,HARDEE'S,,Lexington,KY
31284,HARDEE'S,,Lexington,KY
31287,HARRISON ELEMENTARY SCHOOL,,Lexington,KY
64432,HARTLAND HILLS,,Lexington,KY
31770,HARVEY'S,,Lexington,KY
92623,HEAVENLY HAM,,Lexington,KY
91842,HENRY CLAY BASEBALL BOOSTER'S,,Lexington,KY
31295,HENRY CLAY HIGH SCHOOL,,Lexington,KY
90782,HENRY CLAYS PUBLIC HOUSE,,Lexington,KY
94973,HIBACHI EXPRESS,,Lexington,KY
64591,HIGH STREET NEIGHBORHOOD CENTER,,Lexington,KY
32443,HILARY J. BOONE FACULTY CLUB,,Lexington,KY
62083,HILTON GARDEN INN,,Lexington,KY
32196,HILTON LEXINGTON DOWNTOWN,,Lexington,KY
31309,HILTON SUITES OF LEX GREEN,,Lexington,KY
31310,HO HO CHINESE EXPRESS,,Lexington,KY
79638,HOLIDAY INN EXPRESS,,Lexington,KY
81432,HOLIDAY INN EXPRESS,,Lexington,KY
31350,HOMESTEAD NURSING HOME,,Lexington,KY
95454,HOMETOWN MANOR OF LEXINGTON,,Lexington,KY
74525,HOMEWOOD SUITES BY HILTON,,Lexington,KY
68322,HOMEWOOD SUITES-FOOD,,Lexington,KY
36806,HONEY BAKED HAM CO. OF OHIO,,Lexington,KY
45280,HOOTER'S,,Lexington,KY
65316,HOPE CENTER FOR WOMEN,,Lexington,KY
59335,HORSE PARK TRAVEL CENTER (HUNT BROS. PIZZA),,Lexington,KY
95369,HORSEPARK BP,,Lexington,KY
31361,HORSESHOES SALOON & STEAKHOUSE,,Lexington,KY
67893,HUARACHE PIZZA,,Lexington,KY
63591,"HUB COFFEE HOUSE & CAFE, THE",,Lexington,KY
94256,"HUB HOLDING COMPANY, LLC, THE",,Lexington,KY
36200,HUGH JASS BURGERS,,Lexington,KY
31367,HUNAN RESTAURANT,,Lexington,KY
78800,HYATT PLACE FOOD SERVICE,,Lexington,KY
71881,HYATT PREP KITCHEN,,Lexington,KY
31369,HYATT REGENCY/MAIN KITCHEN,,Lexington,KY
69226,I CHING ASIAN WITH ATTITUDE,,Lexington,KY
31465,IDLE HOUR COUNTRY CLUB,,Lexington,KY
31467,IDLE HOUR SNACK BAR,,Lexington,KY
75988,IHOP RESTAURANT,,Lexington,KY
79974,IMAGINATION STATION EARLY LEARNING LEXINGTON,,Lexington,KY
31469,IMMANUEL BAPTIST CHURCH,,Lexington,KY
38744,INDI'S FAST FOOD,,Lexington,KY
93771,INNOVATION STATION,,Lexington,KY
49479,INTERMEZZO CAFE,,Lexington,KY
63646,IPALAPA'S,,Lexington,KY
74274,IRON CHEF,,Lexington,KY
31476,IROQUOIS HUNT CLUB,,Lexington,KY
81252,J.J. MC BREWSTER'S,,Lexington,KY
63380,JACKPOT BINGO SNACKBAR,,Lexington,KY
90691,JACOBS CAFETERIA (HOPE CENTER),,Lexington,KY
94476,JALAPENOS,,Lexington,KY
32485,JALAPENO'S,,Lexington,KY
54852,JALAPENO'S RESTAURANT,,Lexington,KY
78254,JAMBA JUICE,,Lexington,KY
90794,JAMBA JUICE,,Lexington,KY
31486,JAMES LANE ALLEN ELEM SCHOOL,,Lexington,KY
55701,JASMINE RICE THAI RESTAURANT,,Lexington,KY
92518,"JAX, THE",,Lexington,KY
31693,"JAZZY G'S BAR & GRILL, LLC",,Lexington,KY
92381,JDI GRILLE & TAVERN,,Lexington,KY
75702,JEAN FARRIS WINERY,,Lexington,KY
31499,JESSE CLARK MIDDLE SCHOOL,,Lexington,KY
59138,JET'S PIZZA,,Lexington,KY
74601,JET'S PIZZA,,Lexington,KY
88473,JET'S PIZZA,,Lexington,KY
94938,JET'S PIZZA,,Lexington,KY
93836,JIMMY JOHNS,,Lexington,KY
30950,JIMMY JOHN'S,,Lexington,KY
64873,JIMMY JOHN'S,,Lexington,KY
80476,JIMMY JOHN'S,,Lexington,KY
87515,JIMMY JOHN'S,,Lexington,KY
89773,JIMMY JOHN'S,,Lexington,KY
35840,JIMMY JOHN'S GOURMET SANDWICH,,Lexington,KY
75992,JIMMY JOHN'S SANDWICH SHOP,,Lexington,KY
69008,JIMMY JOHN'S SHOP,,Lexington,KY
69163,JIN JIN CHINESE RESTAURANT,,Lexington,KY
38962,JOE BOLOGNA RESTAURANT,,Lexington,KY
48396,JOSEPH BETH BOOKSELLERS INC.,,Lexington,KY
32267,JOSIE'S GRAB N GO,,Lexington,KY
31508,JOYLAND BOWL,,Lexington,KY
32511,JULEP CUP AT THE WOODLANDS,,Lexington,KY
31519,JULIUS MARKS ELEMENTARY SCHOOL,,Lexington,KY
74909,JUMP START ENRICHMENT PROGRAM,,Lexington,KY
76416,KARE BEARS,,Lexington,KY
93864,KARE BEARS,,Lexington,KY
62729,KASP AUCTION,,Lexington,KY
40751,KEARNEY HILLS GOLF CONCESSION STAND,,Lexington,KY
73839,KEBAB MANIA,,Lexington,KY
30690,KEENELAND 2ND FLOOR CLUB/BAR,,Lexington,KY
31530,KEENELAND 3RD FLOOR CLUB/BAR,,Lexington,KY
44228,KEENELAND CORPORATE BOX,,Lexington,KY
58718,KEENELAND ENTERTAINMENT CENTER,,Lexington,KY
31534,KEENELAND LEX/KY ROOM,,Lexington,KY
31533,KEENELAND MAIN KITCHEN/GRNDSTD,,Lexington,KY
74859,KEENELAND SALES PAVILION,,Lexington,KY
31532,KEENELAND STAND #111,,Lexington,KY
63594,KEENELAND STAND #112,,Lexington,KY
31527,KEENELAND STAND #114,,Lexington,KY
31536,KEENELAND STAND #115,,Lexington,KY
31538,KEENELAND STAND #117,,Lexington,KY
31537,KEENELAND STAND #119,,Lexington,KY
32463,KEENELAND STAND #120,,Lexington,KY
31531,KEENELAND STAND #122,,Lexington,KY
61339,KEENELAND STAND #209,,Lexington,KY
31539,KEENELAND STAND #211,,Lexington,KY
31526,KEENELAND STAND #213,,Lexington,KY
31540,KEENELAND STAND #214,,Lexington,KY
31529,KEENELAND STAND #310,,Lexington,KY
31528,KEENELAND STAND #311,,Lexington,KY
31541,KEENELAND STAND #312,,Lexington,KY
31542,KEENELAND STAND 314 & BLUEGRASS RM,,Lexington,KY
31543,KEENELAND TRACK KITCHEN,,Lexington,KY
65435,KENTUCKY ALE TAP ROOM,,Lexington,KY
90472,KENTUCKY ALE TAP ROOM,,Lexington,KY
64847,KENTUCKY BASKETBALL ACADEMY,,Lexington,KY
45109,KENTUCKY BRATS & DOGS,,Lexington,KY
31625,KENTUCKY CATTLEMEN,,Lexington,KY
31546,KENTUCKY FRIED CHICKEN,,Lexington,KY
31547,KENTUCKY FRIED CHICKEN,,Lexington,KY
31549,KENTUCKY FRIED CHICKEN,,Lexington,KY
31582,KENTUCKY FRIED CHICKEN,,Lexington,KY
31585,KENTUCKY FRIED CHICKEN,,Lexington,KY
33170,KENTUCKY FRIED CHICKEN,,Lexington,KY
62727,KENTUCKY INDOOR SOCCER & SPORTS,,Lexington,KY
30775,"KETCH, THE",,Lexington,KY
63019,KIDS AVENUE,,Lexington,KY
64768,KID'S CAFE,,Lexington,KY
31617,KID'S HOUSE CHILDCARE CENTER,,Lexington,KY
62191,"KIDS KARE, INC.",,Lexington,KY
48565,KID'S PLACE SNACK SHACK,,Lexington,KY
61674,KIDS R KIDS,,Lexington,KY
56507,KIDS 'R' KIDS,,Lexington,KY
80467,KIDS UNLIMITED,,Lexington,KY
68005,KIDS UNLIMITED LEARNING CTR,,Lexington,KY
30573,KIDS-N-KAPERS NURSERY,,Lexington,KY
96054,"KIDZ CLUB, THE",,Lexington,KY
77853,KIDZ KONNECTION CHILD CARE,,Lexington,KY
31554,KINDER CARE LEARNING CTR #936,,Lexington,KY
31553,KINDER CARE LEARNING CTR #963,,Lexington,KY
31556,KINDERCARE NURSERY,,Lexington,KY
52248,KING OF FOOD,,Lexington,KY
57053,KING TUT'S MEDITERRANEAN GRILL,,Lexington,KY
94387,KINGDOM CHRISTIAN ACADEMY,,Lexington,KY
83492,KNOB CREEK BOURBON LOUNGE,,Lexington,KY
62568,KOBE STONEGRILL & SUSHI HOUSE,,Lexington,KY
59139,KOREANA RESTAURANT,,Lexington,KY
31562,KROGER L-352,,Lexington,KY
50117,KROGER L-359,,Lexington,KY
31565,KROGER L-361,,Lexington,KY
40343,KROGER L-371,,Lexington,KY
33271,KROGER L-407,,Lexington,KY
32204,KROGER L-720,,Lexington,KY
44650,KROGER L-721,,Lexington,KY
67895,KROGER L-737,,Lexington,KY
83293,KROGER L-767,,Lexington,KY
79572,KROGER L-768,,Lexington,KY
66977,KY FRIED CHICKEN-PIZZA HUT,,Lexington,KY
84099,KY HORSE PARK ALL TECH #3,,Lexington,KY
92999,KY HORSE PARK ALLTECH #1,,Lexington,KY
92998,KY HORSE PARK ALLTECH #2,,Lexington,KY
84100,KY HORSE PARK ALLTECH #4,,Lexington,KY
92997,KY HORSE PARK ALLTECH #5,,Lexington,KY
84098,KY HORSE PARK ALLTECH COMMISSARY,,Lexington,KY
36088,KY HORSE PARK CLUBHOUSE,,Lexington,KY
92995,KY HORSE PARK ROLEX #1,,Lexington,KY
92996,KY HORSE PARK ROLEX #2,,Lexington,KY
63153,LA CABANA,,Lexington,KY
94803,LA CASA DE MI PADRE,,Lexington,KY
31132,LA CUEVA BAR & GRILL LLC,,Lexington,KY
59609,LA GUADALUPANA,,Lexington,KY
70695,LA ISLA DEL ENCANTO CUISINE,,Lexington,KY
63640,LA MARQUESA,,Lexington,KY
43559,LA PETITE ACADEMY,,Lexington,KY
85934,LA PETITE CREPERIE,,Lexington,KY
88182,LA PRINCESA SUPER MARCADO,,Lexington,KY
31007,LA UNICA,,Lexington,KY
31595,LAFAYETTE AT COUNTRY PLACE,,Lexington,KY
31597,LAFAYETTE CHILD CARE,,Lexington,KY
31600,LAFAYETTE HIGH SCHOOL,,Lexington,KY
90689,LAFAYETTE HS SOFTBALL CONCESSION,,Lexington,KY
31602,LAKESIDE GOLF COURSE SNACK BAR,,Lexington,KY
31605,LANSDOWNE ELEMENTARY SCHOOL,,Lexington,KY
94230,"LANTERN AT MORNING POINTE OF LEXINGTON, THE",,Lexington,KY
69296,LE DEAUVILLE,,Lexington,KY
49170,LE MATIN BAKERY & ZUNI CAFE,,Lexington,KY
84319,LEARN AND GROW ACADEMY,,Lexington,KY
31652,LEARNING CENTER OF LINLEE,,Lexington,KY
76026,"LEARNING EXPERIENCE, THE",,Lexington,KY
31067,LEE'S FAM. RECI. CHICKEN #7470,,Lexington,KY
31069,LEE'S FAM. RECI. CHICKEN #7472,,Lexington,KY
31610,LEE'S FAM. RECI. CHICKEN #7474,,Lexington,KY
75308,LEE'S GARDEN,,Lexington,KY
75979,LEE'S GARDEN,,Lexington,KY
31612,LEESTOWN MIDDLE SCHOOL,,Lexington,KY
31635,LEX CNTR CORP - MAIN COMMISSARY,,Lexington,KY
31636,LEX CNTR CORP MAIN EXPOSITION CENTER,,Lexington,KY
51713,LEXINGTON BAPTIST TEMPLE DAYCARE,,Lexington,KY
63151,LEXINGTON BEERWORKS,,Lexington,KY
31648,LEXINGTON C.C. SUMMER HOUSE,,Lexington,KY
90416,LEXINGTON CATHOLIC H.S. BASEBALL CONCESSION,,Lexington,KY
62815,LEXINGTON CATHOLIC HIGH SCHOOL,,Lexington,KY
65010,LEXINGTON CATHOLIC HIGH SCHOOL,,Lexington,KY
31619,LEXINGTON CATHOLIC SR HIGH,,Lexington,KY
31639,LEXINGTON COUNTRY CLUB,,Lexington,KY
31640,LEXINGTON COUNTRY PLACE,,Lexington,KY
90339,LEXINGTON COURTYARD,,Lexington,KY
69339,LEXINGTON DINER,,Lexington,KY
72011,LEXINGTON FAIRFIELD INN,,Lexington,KY
40951,LEXINGTON GREEN MOVIES 8,,Lexington,KY
31641,LEXINGTON ICE CENTER,,Lexington,KY
58584,LEXINGTON JUNIOR ACADEMY,,Lexington,KY
31140,LEXINGTON RESCUE MISSION,,Lexington,KY
87962,LEXINGTON RESCUE MISSION THRIFT STORE,,Lexington,KY
86108,LEXINGTON RESIDENCE INN,,Lexington,KY
62513,"LEXINGTON ROOSTERS, LLC",,Lexington,KY
31643,"LEXINGTON SCHOOL, THE",,Lexington,KY
77815,LEXINGTON SEAFOOD MARKET,,Lexington,KY
30883,LEXINGTON TENNIS CLUB SNACKBAR,,Lexington,KY
31649,LEXINGTON TRADITIONAL MAGNET SCHOOL,,Lexington,KY
93890,LEXMARK CENTER FOR CHILDREN,,Lexington,KY
85076,LEXUS DEALERSHOP,,Lexington,KY
82073,LIBERTY ELEMENTARY SCHOOL,,Lexington,KY
63161,LIBERTY RIDGE SENIOR LIVING,,Lexington,KY
77785,"LIGHTHOUSE MINISTRIES, INC.",,Lexington,KY
66979,LIMESTONE BLUE,,Lexington,KY
30874,LINKBELT,,Lexington,KY
31690,LIQUOR BARN,,Lexington,KY
72763,LIQUOR BARN,,Lexington,KY
54922,LIQUOR BARN @ CORNER DELI,,Lexington,KY
48865,LITTLE CAESAR'S PIZZA,,Lexington,KY
62854,LITTLE CAESAR'S PIZZA,,Lexington,KY
66936,LITTLE CAESAR'S PIZZA,,Lexington,KY
74414,LITTLE CAESAR'S PIZZA,,Lexington,KY
43021,LITTLE CAESAR'S PIZZA #1584,,Lexington,KY
55899,LITTLE RASCALS,,Lexington,KY
31760,LITTLE WONDER'S DAYCARE OF LEXINGTON,,Lexington,KY
75331,"LOCAL TACO, THE",,Lexington,KY
63097,LOGAN'S ROADHOUSE,,Lexington,KY
32481,LOGAN'S ROADHOUSE RESTAURANT,,Lexington,KY
74940,LOGAN'S ROADHOUSE RESTAURANT,,Lexington,KY
31711,LONG JOHN SILVER'S #11,,Lexington,KY
31701,LONG JOHN SILVER'S #12,,Lexington,KY
31710,LONG JOHN SILVER'S /A&W #9,,Lexington,KY
61454,LONGHORN STEAK HOUSE #5187,,Lexington,KY
81926,LOTS OF LOVE LEARNING CENTER,,Lexington,KY
31725,LOUDON SQUARE BUFFET,,Lexington,KY
45453,LUCKY HIBACHI BUFFET,,Lexington,KY
33179,LUNDY'S OF LEXINGTON,,Lexington,KY
31736,LYNAGH'S,,Lexington,KY
32517,LYNAGH'S SHAMROCK BAR & GRILL,,Lexington,KY
55898,LYSA SOCCERPLEX,,Lexington,KY
86979,MAD MUSHROOM OF CLAYS MILL INC,,Lexington,KY
55735,MAD MUSHROOM PIZZA,,Lexington,KY
50321,MAGEE'S BAKERY,,Lexington,KY
83433,MAI THAI RESTAURANT,,Lexington,KY
31628,MAIN EXPOSITION (EAST),,Lexington,KY
86711,MAIN PANTRY,,Lexington,KY
87028,MAIN STREET DELI,,Lexington,KY
31744,MALABU PUB AND GRILLE,,Lexington,KY
94829,MALIBU JACK'S,,Lexington,KY
64612,MALONE'S,,Lexington,KY
81350,MALONE'S,,Lexington,KY
59830,MALONE'S - DRAKE'S,,Lexington,KY
78857,MAN O'WAR FOUNDATION FARMHOUSE,,Lexington,KY
57693,MANCINO'S,,Lexington,KY
74990,MANDARIN,,Lexington,KY
31988,MARATHON - PARIS PIKE,,Lexington,KY
32973,MARATHON MART,,Lexington,KY
41125,"MARATHON, SPEAKS",,Lexington,KY
86726,MARCO'S PIZZA #1172,,Lexington,KY
77200,MARCO'S PIZZA #1226,,Lexington,KY
63423,MARIANA'S,,Lexington,KY
88423,MARIA'S KITCHEN,,Lexington,KY
32261,MARIKKA'S REST. & BIER STUBE,,Lexington,KY
31761,MARINO'S DAY CARE CENTER,,Lexington,KY
68766,MARISSA'S COCINA ECONOMICA,,Lexington,KY
67546,"MARK JENSEN CATERING, LLC",,Lexington,KY
44287,MARRIOTT 19TH HOLE @ GRIFFIN GATE,,Lexington,KY
69424,MARRIOTT RESIDENCE INN -FOOD,,Lexington,KY
63536,MARTIN LUTHER KING ACADEMY,,Lexington,KY
41853,MARTINE'S,,Lexington,KY
57081,MARY QUEEN HOLY ROSARY SCHOOL,,Lexington,KY
31763,MARY TODD ELEMENTARY SCHOOL,,Lexington,KY
56509,MASALA INDIAN CUISINE,,Lexington,KY
31765,MAXWELL ELEMENTARY SCHOOL,,Lexington,KY
43424,MAXWELL ST. PRESBYTERIAN CHUR.,,Lexington,KY
31768,MAYFAIR MANOR,,Lexington,KY
31769,MAYFAIR VILLAGE,,Lexington,KY
90195,MC ALISTER'S DELI,,Lexington,KY
54985,MCCARTHY'S IRISH BAR,,Lexington,KY
31771,MCDONALD'S,,Lexington,KY
31774,MCDONALD'S,,Lexington,KY
31776,MCDONALD'S,,Lexington,KY
31778,MCDONALD'S,,Lexington,KY
40357,MCDONALD'S,,Lexington,KY
56836,MCDONALD'S,,Lexington,KY
61196,MCDONALD'S,,Lexington,KY
62236,MCDONALD'S,,Lexington,KY
63424,MCDONALD'S,,Lexington,KY
64638,MCDONALD'S,,Lexington,KY
71210,MCDONALD'S,,Lexington,KY
95900,MCDONALD'S,,Lexington,KY
31777,MCDONALD'S #6111,,Lexington,KY
31772,MCDONALD'S #989,,Lexington,KY
42873,MCDONALD'S RESTAURANT,,Lexington,KY
31773,MCDONALD'S RESTAURANT #1231,,Lexington,KY
31780,MEADOWTHORPE CAFE,,Lexington,KY
31781,MEADOWTHORPE ELEM SCHOOL,,Lexington,KY
31973,MEALS ON WHEELS,,Lexington,KY
65872,MEGAMINDS EDUCARE,,Lexington,KY
63204,MEIJER #184,,Lexington,KY
63445,MEIJER GAS STATION #184,,Lexington,KY
60843,MEIJER GREAT LAKES #161 - GAS,,Lexington,KY
60841,MEIJER GREAT LAKES LP #161,,Lexington,KY
69920,MELLOW MUSHROOM,,Lexington,KY
81072,"MELTING POT, THE",,Lexington,KY
31976,MERRICK INN,,Lexington,KY
92993,MI MEXICO RESTAURANT,,Lexington,KY
45726,MI PEQUENA HACIENDA,,Lexington,KY
85262,MICROTEL INN,,Lexington,KY
31193,"MIDWAY FOOD MART, DBA, WILLMORE FAMILY MARKET",,Lexington,KY
51398,MILK AND HONEY PRESCHOOL,,Lexington,KY
31983,MILLCREEK ELEMENTARY SCHOOL,,Lexington,KY
31985,MINI MART DELI & GROCERY,,Lexington,KY
88572,MINI MOVERS LEARNING CENTER,,Lexington,KY
32467,MIRACLES & WONDERS PLAY & LEARN CNTR,,Lexington,KY
86012,MIRACLES & WONDERS PLAY/LEARN,,Lexington,KY
94143,MISSY'S PIE SHOP,,Lexington,KY
44452,"MIYAKO, LLC",,Lexington,KY
43115,MOE'S SOUTHWEST GRILL,,Lexington,KY
76793,MOE'S SOUTHWESTERN GRILL,,Lexington,KY
80175,MOLLY BROOKES IRISH BAR,,Lexington,KY
84976,MONKEY JOE'S,,Lexington,KY
89867,MORNING POINTE OF LEXINGTON,,Lexington,KY
93419,MORNING POINTE OF LEXINGTON EAST,,Lexington,KY
32011,MORTON MIDDLE SCHOOL,,Lexington,KY
30894,"MOUSE TRAP, THE",,Lexington,KY
86039,MOVEABLE FEAST,,Lexington,KY
40797,MOVIE TAVERN,,Lexington,KY
71063,MR KABAB,,Lexington,KY
49749,MR. KAN'S CHINESE FOOD,,Lexington,KY
71366,"MTANI CATERING, LLC",,Lexington,KY
35696,MURPHY'S BAR & GRILL,,Lexington,KY
87712,NAT,,Lexington,KY
65526,NATASHA'S CAFE,,Lexington,KY
32508,NATICAKES,,Lexington,KY
40798,NATIONAL ACADEMY,,Lexington,KY
94120,NATIONAL PROVISIONS,,Lexington,KY
44731,NEIGHBORHOOD GROCERY,,Lexington,KY
47076,NELL'S DINER,,Lexington,KY
94390,"NEST, THE",,Lexington,KY
71470,NEW CHINA KITCHEN,,Lexington,KY
93683,"NEW CREATION CHILDCARE, LLC",,Lexington,KY
78803,NEW HOPE CENTER FOR MEN,,Lexington,KY
68201,NEW SUSHI EXPRESS,,Lexington,KY
82212,NEWTOWN PIKE FOODMART,,Lexington,KY
87131,NICK RYAN'S SALOON,,Lexington,KY
31708,NOODLES AND COMPANY,,Lexington,KY
91605,NORTH LIME COFFEE AND DONUTS,,Lexington,KY
64920,NORTH STAR ACADEMY,,Lexington,KY
55166,NORTHERN CAL RIPKIN,,Lexington,KY
32034,NORTHERN ELEMENTARY SCHOOL,,Lexington,KY
37812,NORTHPOINT HEALTHCARE CENTER,,Lexington,KY
32304,"NU MOON, THE",,Lexington,KY
71495,NUTRIMAX SMOOTHIES,,Lexington,KY
49234,OASIS MEDITERRANIAN  CAFE,,Lexington,KY
62320,O'CHARLEY'S # 289,,Lexington,KY
32037,O'CHARLEY'S #209,,Lexington,KY
32038,O'CHARLEY'S #212,,Lexington,KY
32040,OFFICE LOUNGE,,Lexington,KY
61793,OLD CHICAGO,,Lexington,KY
31740,"OLD SAN SUAN, CUBAN CUISINE",,Lexington,KY
87961,OLE' HOOKERS BAR AND GRILL,,Lexington,KY
32042,OLEIKA SHRINE TEMPLE,,Lexington,KY
34288,OLIVE GARDEN ITAL. REST. #1320,,Lexington,KY
30776,O'NEILL'S,,Lexington,KY
34275,ORANGE LEAF,,Lexington,KY
89705,ORANGE LEAF,,Lexington,KY
86899,ORANGE LEAF - SELF SERVE FROZE,,Lexington,KY
61335,ORANGE LEAF (BRIGHTON),,Lexington,KY
49212,ORANGE LEAF FROZEN YOGURT,,Lexington,KY
74975,"ORIGINAL BROOKLYN PIZZA, THE",,Lexington,KY
32046,ORIGINAL GREAT AMERICAN COOKIES,,Lexington,KY
94962,ORLANDO'S,,Lexington,KY
60694,OUR HOUSE @ THE PINNACLE CHILDCARE,,Lexington,KY
53663,OUR MAGIC YEARS CHILDCARE CTR.,,Lexington,KY
41646,OUTBACK STEAKHOUSE,,Lexington,KY
66667,"OUTBACK STEAKHOUSE OF FLORIDA, LLC",,Lexington,KY
38324,OWL HOOT SHOP,,Lexington,KY
42658,P L DUNBAR HIGH SCHOOL,,Lexington,KY
75859,P.F. CHANG'S CHINA BISTRO,,Lexington,KY
32050,PAISANO'S RESTAURANT,,Lexington,KY
31590,PALMER'S FRESH GRILL,,Lexington,KY
69853,PANADERIA AGUASCALIENTES,,Lexington,KY
80453,PANADERIA TORRION,,Lexington,KY
96075,PANCHITOS ICE CREAM #2,,Lexington,KY
85725,PANCHITO'S ICE CREAM. LLC.,,Lexington,KY
75980,PANDA CUISINE,,Lexington,KY
87430,PANDA EXPRESS #2113,,Lexington,KY
88010,PANDA EXPRESS @ UK STUDENT CENTER,,Lexington,KY
73694,PANERA BREAD #1018,,Lexington,KY
76650,PANERA BREAD #1176,,Lexington,KY
41379,PANERA BREAD #825,,Lexington,KY
62657,PAPA JOHNS  # 18,,Lexington,KY
59875,PAPA JOHN'S #29,,Lexington,KY
62733,PAPA JOHN'S PIZZA #1449,,Lexington,KY
49867,PAPA JOHN'S PIZZA #32,,Lexington,KY
46294,PAPA JOHN'S PIZZA #40,,Lexington,KY
43483,PAPA JOHN'S PIZZA #54,,Lexington,KY
32398,PAPA JOHN'S PIZZA #88,,Lexington,KY
44915,PAPA MURPHY'S,,Lexington,KY
90382,PAPA MURPHY'S,,Lexington,KY
31300,PAPER PLATE,,Lexington,KY
72019,PARK EARLY CHILDHOOD CENTER,,Lexington,KY
32054,PARKETTE,,Lexington,KY
49132,PARKHILL SUBWAY,,Lexington,KY
82152,PARKS & REC. CATERING KITCHEN,,Lexington,KY
89322,PARLAY SOCIAL,,Lexington,KY
32470,PATCHEN PUB,,Lexington,KY
82226,PAULIE'S TOASTED BARRELL,,Lexington,KY
63726,PAZZO'S,,Lexington,KY
34281,PDQ DELI AND GROCERY,,Lexington,KY
68008,PEKING CAFE,,Lexington,KY
57009,PENN STATION,,Lexington,KY
59336,PENN STATION,,Lexington,KY
64911,PENN STATION,,Lexington,KY
66328,PENN STATION,,Lexington,KY
64916,PEPE'S MEXICAN RESTAURANT,,Lexington,KY
85742,PEPE'S MEXICAN RESTAURANT,,Lexington,KY
32161,PEPPERHILL PRE-SCHOOL,,Lexington,KY
79541,PEPPERS MEXICAN GRILL,,Lexington,KY
31408,PETE'S WOK,,Lexington,KY
30695,PHILLIP'S GROCERY & DELI,,Lexington,KY
68612,PHO BC,,Lexington,KY
95259,PHO SAIGON,,Lexington,KY
32484,PI PIZZA COMPANY,,Lexington,KY
32164,PICADOME ELEMENTARY SCHOOL,,Lexington,KY
78537,PIER 99 RESTAURANT & BAR,,Lexington,KY
32424,PIMLICO MANOR,,Lexington,KY
43023,PINE MEADOWS HEALTH CARE,,Lexington,KY
95457,PINOT'S PALETTE,,Lexington,KY
78063,PITA SOCIAL,,Lexington,KY
93457,PITA SOCIAL,,Lexington,KY
67608,PIZZA HUT # 2969,,Lexington,KY
32174,PIZZA HUT #2966,,Lexington,KY
32182,PIZZA HUT #2967,,Lexington,KY
43813,PIZZA HUT #2968,,Lexington,KY
44885,PIZZA HUT #2970,,Lexington,KY
68564,PIZZA HUT #2972,,Lexington,KY
43877,PLANET THAI,,Lexington,KY
54106,PLATINUM PLUS,,Lexington,KY
77156,POLO CLUB CAFE,,Lexington,KY
41508,PORTER MEMORIAL BAPTIST CHURCH,,Lexington,KY
36048,PORTOFINO,,Lexington,KY
81615,PUCCINIS,,Lexington,KY
72188,PUCCINI'S PIZZA,,Lexington,KY
80843,PUCCINI'S SMILING TEETH,,Lexington,KY
31293,PUDDLE JUMPERS LEARNING CENTER,,Lexington,KY
89396,PULSE NIGHTLIFE,,Lexington,KY
31632,PURPLE CONCOURSE #3,,Lexington,KY
31630,PURPLE CONCOURSE #4,,Lexington,KY
66326,QDOBA MEXICAN GRILL #2080,,Lexington,KY
31232,QDOBA MEXICAN GRILL #2086,,Lexington,KY
73821,QDOBA MEXICAN GRILL #2294,,Lexington,KY
81053,QDOBA MEXICAN GRILL #2521,,Lexington,KY
81476,QDOBA MEXICAN GRILL #2524,,Lexington,KY
68382,QUEST COMMUNITY CHURCH COFFEE SHOP,,Lexington,KY
57232,QUINN CHAPEL CHILD CARE CENTER,,Lexington,KY
82838,QUIZNOS SUBS,,Lexington,KY
32294,R & R ENTERTAINMENT,,Lexington,KY
93539,R.J. CORMAN LEXINGTON DINNER TRAIN,,Lexington,KY
42004,RACQUET CLUB BAR & GRILL,,Lexington,KY
62842,RAFFERTY'S,,Lexington,KY
32198,RAFFERTY'S RESTAURANT & BAR,,Lexington,KY
32199,RAFSKELLER @ TRANSYLVANIA UNIVERSITY,,Lexington,KY
86699,RAHUL FOOD & SPICES,,Lexington,KY
48161,RAISING CANE'S CHICKEN FINGERS,,Lexington,KY
79020,RAISING CANE'S CHICKEN FINGERS,,Lexington,KY
79179,RAISING CANE'S CHICKEN FINGERS,,Lexington,KY
42656,RALLY'S # 25,,Lexington,KY
32201,RALLY'S #22,,Lexington,KY
36635,RALLY'S #23,,Lexington,KY
49868,RALLY'S #27,,Lexington,KY
61341,RAMSEY'S,,Lexington,KY
63058,RAMSEY'S,,Lexington,KY
65709,RAMSEY'S COMMISSARY,,Lexington,KY
94633,RAMSEY'S RESTAURANT,,Lexington,KY
47516,RAMSEY'S TC,,Lexington,KY
93651,RED BANG BANG,,Lexington,KY
77202,RED BANG BANG SUSHI,,Lexington,KY
31634,RED CORNER STAND,,Lexington,KY
82658,RED CUSTARD A,,Lexington,KY
82659,RED CUSTARD B,,Lexington,KY
32211,RED LOBSTER #0188,,Lexington,KY
61197,RED LOBSTER #6379,,Lexington,KY
94065,RED MANGO,,Lexington,KY
32213,RED MILE - WAGERS,,Lexington,KY
32311,"RED STATE BARBECUE, RED PHOENIX LLC, DBA",,Lexington,KY
64846,REDI-MART/MARATHON,,Lexington,KY
63381,REGAL CINEMAS # 16,,Lexington,KY
44178,RESIDENCE INN,,Lexington,KY
75216,RICHIE'S RESTAURANT,,Lexington,KY
32219,RICHMOND PLACE,,Lexington,KY
30982,RICHMOND PLACE REHAB & HEALTH,,Lexington,KY
30891,RIDGE BEHAVIORAL HEALTH,,Lexington,KY
30868,RINCON MEXICANO,,Lexington,KY
84947,RINCON MEXICANO RESTAURANT,,Lexington,KY
35972,RJ'S CYCLES & DELI,,Lexington,KY
68195,ROLY POLY,,Lexington,KY
56865,RONALD MCDONALD HOUSE,,Lexington,KY
94860,ROOD & RIDDLE EQUINE HOSPITAL,,Lexington,KY
58509,ROSA PARKS ELEMENTARY,,Lexington,KY
31695,ROSE & JIM'S,,Lexington,KY
30818,"ROSE BUD, THE",,Lexington,KY
32224,ROSE MANOR,,Lexington,KY
43235,RUBY JEAN'S,,Lexington,KY
32230,RUSSELL CAVE ELEMENTARY,,Lexington,KY
31724,S & S OUTPOST,,Lexington,KY
83561,"S.E.C., THE",,Lexington,KY
31023,SABIO RESTAURANT,,Lexington,KY
33076,SABOR LATINO PUPUSAS,,Lexington,KY
65100,SAHARA MEDITERRANEAN CUISINE,,Lexington,KY
69006,SAL'S ITALIAN CHOPHOUSE,,Lexington,KY
95504,SALSARITA'S LEXINGTON,,Lexington,KY
32239,SALVATION ARMY SHELTER,,Lexington,KY
32977,SAMMY'S GROCERY AND DELI,,Lexington,KY
45117,SAM'S CLUB #8188,,Lexington,KY
76398,SAM'S HOT DOGS,,Lexington,KY
81811,SANDERSVILLE ELEMENTARY SCHOOL,,Lexington,KY
31114,SARAH'S CORNER CAFE,,Lexington,KY
33579,SARAH'S CORNER CAFE,,Lexington,KY
43189,SARKU JAPANESE,,Lexington,KY
63963,SAUL GOOD RESTAURANT & PUB,,Lexington,KY
93630,SAUL GOOD RESTAURANT / PUB #3,,Lexington,KY
80011,SAUL GOOD RESTAURANT AND PUB,,Lexington,KY
67154,SAUTE CAFE # 1,,Lexington,KY
33451,SAVE A LOT - SOUTHLAND,,Lexington,KY
89799,SAV'S CHILL,,Lexington,KY
78680,SAV'S GRILL,,Lexington,KY
30890,SAWYER'S BAR & GRILL,,Lexington,KY
32246,SAYRE CHRISTIAN VILLAGE,,Lexington,KY
32242,SAYRE HEALTHCARE CENTER,,Lexington,KY
32244,SAYRE SCHOOL CAFETERIA,,Lexington,KY
43118,SBARRO'S ITALIAN EATERY,,Lexington,KY
65273,SCAPA AT LAFAYETTE,,Lexington,KY
60886,SCHLOTZSKY'S DELI,,Lexington,KY
32293,SCHNEIDER ELECTRIC CANTEEN,,Lexington,KY
82186,SCHOOL RESTAURANT,,Lexington,KY
62923,SEASON'S CATERING & SPECIAL OCCASIONS,,Lexington,KY
86709,SECOND FLOOR CLUB SERVICE BAR,,Lexington,KY
69423,SECOND PRESBYTERIAN CHURCH,,Lexington,KY
49634,SEKI JAPANESE RESTAURANT,,Lexington,KY
77811,"SELMA'S CATERING, LLC",,Lexington,KY
90674,SHAKESPEARE AND CO DOWNTOWN LEX LLC,,Lexington,KY
57760,SHAKESPEARE AND CO.,,Lexington,KY
49872,SHAMROCK BAR & GRILL,,Lexington,KY
72294,SHANGHAI BISTRO,,Lexington,KY
81478,SHANGHAI BISTRO,,Lexington,KY
31046,SHAW'S CHILD CARE,,Lexington,KY
87579,"SHE BAKES CAKES, LLC",,Lexington,KY
72018,SHELL,,Lexington,KY
60153,SHELL - EXIT 104,,Lexington,KY
35891,SHELL - HARRODSBURG ROAD,,Lexington,KY
62328,SHELL - MARKET PLACE,,Lexington,KY
50438,SHELL - MIST LAKE,,Lexington,KY
50631,SHELL - NEWTOWN PIKE,,Lexington,KY
31497,SHELL - NORTH BROADWAY,,Lexington,KY
32994,SHELL - RUSSELL CAVE SHELL,,Lexington,KY
62111,SHELL - SOUTH LIMESTONE,,Lexington,KY
48825,SHELL - TATES CREEK SOUTH,,Lexington,KY
34103,SHELL - VERSAILLES ROAD,,Lexington,KY
64622,SHELL - VIRGINIA AVENUE,,Lexington,KY
62827,SHELL FOOD MART,,Lexington,KY
42078,SHELL FOOD MART- PALOMAR CTR,,Lexington,KY
72691,SHELL FOODMART,,Lexington,KY
31054,SHELL-ESTEPP'S FOOD MART DELI,,Lexington,KY
31473,SHELL-PARIS PIKE SHELL,,Lexington,KY
46898,SHELL-SOUTHLAND FOOD MART,,Lexington,KY
43814,SHEPHERD'S HOUSE,,Lexington,KY
32436,SHERATON FOUR POINTS CAFE,,Lexington,KY
32259,SHORT STREET CAFE,,Lexington,KY
88003,SHORTY'S MARKET,,Lexington,KY
32187,SHOW-ME'S SOUTHLAND,,Lexington,KY
32257,SHRINERS HOSPITAL,,Lexington,KY
66576,SIDEBAR GRILL,,Lexington,KY
32258,SIGEE'S,,Lexington,KY
75371,SIGNATURE GRILLE,,Lexington,KY
69506,SILVER CUE BILLIARDS BAR/GRILL,,Lexington,KY
77779,SINDBAD KABOB HOUSE,,Lexington,KY
32260,SIR PIZZA,,Lexington,KY
36515,SIR PIZZA,,Lexington,KY
49085,SIR PIZZA,,Lexington,KY
64207,SIR PIZZA,,Lexington,KY
32264,SIR PIZZA COMMISSARY,,Lexington,KY
94733,SKY BLUE DINER,,Lexington,KY
84730,SKYBAR - LEXINGTON,,Lexington,KY
92547,SLEEP INN,,Lexington,KY
93540,SMART BEEZ LEARNING CENTER,,Lexington,KY
86670,SMASHBURGER,,Lexington,KY
78769,SMASHBURGERS,,Lexington,KY
77034,SMASHING TOMATO RESTAURANT,,Lexington,KY
80997,SMASHING TOMATO RESTAURANT,,Lexington,KY
93456,SMITHTOWN SEAFOOD,,Lexington,KY
92596,"SNACK SHAK, THE",,Lexington,KY
72129,SOLID ROC CAFE,,Lexington,KY
54476,SONIC 3209,,Lexington,KY
64780,SONIC 4301,,Lexington,KY
78867,SONIC 5852,,Lexington,KY
83459,SOUNDBAR,,Lexington,KY
85470,"SOUP KITCHEN, THE",,Lexington,KY
50802,SOUTH LEXINGTON YOUTH BASEBALL (4-12),,Lexington,KY
41126,"SOUTH SIDE PUB, LLC",,Lexington,KY
35716,SOUTH VAN EVENTS,,Lexington,KY
50715,SOUTHEASTERN  BABE RUTH(13-15),,Lexington,KY
55380,SOUTHEASTERN CAL RIPKIN (-12) @VETERAN PARK,,Lexington,KY
70144,SOUTHERN ACRES CHRISTIAN,,Lexington,KY
32277,SOUTHERN ELEMENTARY SCHOOL,,Lexington,KY
45061,SOUTHERN HILLS UNITED METH.,,Lexington,KY
32278,SOUTHERN MIDDLE SCHOOL,,Lexington,KY
53502,SOUTHLAND PARK AQUATIC FAC.,,Lexington,KY
75634,SPALDINGS BAKERY,,Lexington,KY
32217,SPEARMINT RHINO,,Lexington,KY
34104,SPEEDWAY,,Lexington,KY
51188,SPEEDWAY #9332,,Lexington,KY
51715,SPEEDWAY #9334,,Lexington,KY
32284,SPEEDWAY #9394,,Lexington,KY
56946,SPEEDWAY #9395,,Lexington,KY
74523,SPEEDWAY #9397,,Lexington,KY
56948,SPEEDWAY #9398,,Lexington,KY
59244,SPEEDWAY #9402,,Lexington,KY
32323,SPEEDWAY #9512,,Lexington,KY
32317,SPEEDWAY #9591,,Lexington,KY
32322,SPEEDWAY #9593,,Lexington,KY
34110,SPEEDWAY #9596,,Lexington,KY
32321,SPEEDWAY #9621,,Lexington,KY
46766,SPEEDWAY #9651,,Lexington,KY
32314,SPEEDWAY #9658,,Lexington,KY
32315,SPEEDWAY #9667,,Lexington,KY
32316,SPEEDWAY #9675,,Lexington,KY
32324,SPEEDWAY #9677,,Lexington,KY
40915,SPEEDWAY #9699,,Lexington,KY
32318,SPEEDWAY #9704,,Lexington,KY
48258,SPEEDWAY #9728,,Lexington,KY
32285,SPINDLETOP RESTAURANT,,Lexington,KY
32286,SPINDLETOP SNACK BAR,,Lexington,KY
72949,SPRING HILL SUITES,,Lexington,KY
32289,SPRING VALLEY GOLF CLUB,,Lexington,KY
32292,SPUDS TAVERN,,Lexington,KY
35978,SQUIRES ELEMENTARY SCHOOL,,Lexington,KY
31365,ST. JOSEPH EAST-DIETARY DEPT.,,Lexington,KY
32295,ST. JOSEPH HOSPITAL,,Lexington,KY
83259,ST. LUKE UNITED METHODIST CHURCH,,Lexington,KY
63115,ST. PETER & PAUL SCHOOL,,Lexington,KY
32299,ST. PETER AND PAUL SCHOOL,,Lexington,KY
75014,STARBUCKS,,Lexington,KY
76014,STARBUCKS,,Lexington,KY
76237,STARBUCKS,,Lexington,KY
79540,STARBUCKS,,Lexington,KY
80355,STARBUCKS,,Lexington,KY
93177,STARBUCKS,,Lexington,KY
68790,STARBUCKS #2687,,Lexington,KY
68280,STARBUCKS @ COMMONS MARKET,,Lexington,KY
82565,STARBUCKS @ KROGERS,,Lexington,KY
72266,STARBUCKS @ KY CLINIC,,Lexington,KY
76236,STARBUCKS COFFE COMPANY,,Lexington,KY
74491,STARBUCKS COFFEE,,Lexington,KY
75419,STARBUCKS COFFEE,,Lexington,KY
67828,STARBUCKS COFFEE # 2608,,Lexington,KY
71970,STARBUCKS COFFEE #7931,,Lexington,KY
71831,STARBUCKS COFFEE #8734,,Lexington,KY
48277,STEAK EXPRESS,,Lexington,KY
31504,STEAK FEST,,Lexington,KY
61137,STEAK 'N SHAKE,,Lexington,KY
31506,STEAM ACADEMY,,Lexington,KY
32302,STELLA'S KY DELI,,Lexington,KY
32303,STONEWALL ELEMENTARY SCHOOL,,Lexington,KY
32454,STUDENT CENTER,,Lexington,KY
32171,SUBWAY,,Lexington,KY
41435,SUBWAY,,Lexington,KY
43186,SUBWAY,,Lexington,KY
44250,SUBWAY,,Lexington,KY
44641,SUBWAY,,Lexington,KY
46445,SUBWAY,,Lexington,KY
47024,SUBWAY,,Lexington,KY
49701,SUBWAY,,Lexington,KY
51322,SUBWAY,,Lexington,KY
54983,SUBWAY,,Lexington,KY
59610,SUBWAY,,Lexington,KY
61613,SUBWAY,,Lexington,KY
63195,SUBWAY,,Lexington,KY
63461,SUBWAY,,Lexington,KY
66824,SUBWAY,,Lexington,KY
67478,SUBWAY,,Lexington,KY
70927,SUBWAY,,Lexington,KY
71402,SUBWAY,,Lexington,KY
80475,SUBWAY,,Lexington,KY
36123,SUBWAY  #2819,,Lexington,KY
95827,SUBWAY - SOUTH PAVILION,,Lexington,KY
72521,SUBWAY #17552 @ WAL-MART,,Lexington,KY
56508,SUBWAY #18997,,Lexington,KY
73337,SUBWAY #34835,,Lexington,KY
73977,SUBWAY #36137 @WAL-MART,,Lexington,KY
80974,SUBWAY #4767,,Lexington,KY
46591,SUBWAY #7507,,Lexington,KY
91743,SUBWAY @ RGAN,,Lexington,KY
64941,SUBWAY @ WAL-MART,,Lexington,KY
75989,SUBWAY DELI,,Lexington,KY
70243,SUBWAY SOUTHLAND,,Lexington,KY
67396,SUBWAY STORE #27479,,Lexington,KY
89822,"SUBWAY, SKY 21 LLC DBA",,Lexington,KY
77358,SUBWAY/AUNTIE ANN'S,,Lexington,KY
60105,SUGANO'S,,Lexington,KY
86953,SULLIVAN UNIVERSITY-LEX CAMPUS,,Lexington,KY
87111,"SUNDOWNS, LLC",,Lexington,KY
50640,SUNSET STRIPS,,Lexington,KY
75076,SUPER 8 MOTEL,,Lexington,KY
62161,SUPER MERCADA AQUASCALIENTES 5,,Lexington,KY
76889,SUPER MERCADA AQUASCALIENTES-4,,Lexington,KY
79116,SUPER MERCADO AGUASCALIENTES #2,,Lexington,KY
75421,SUPER MERCADO AGUASCALIENTES #5,,Lexington,KY
32309,SURVIVORS,,Lexington,KY
55505,SUTTON'S RESTAURANT,,Lexington,KY
63855,SWEET DADDYS BAR GRILL,,Lexington,KY
94452,SWEET LILY'S,,Lexington,KY
53966,SWEET MAGNOLIA/DOTTIE'S PIES,,Lexington,KY
43589,SWEET MANGO,,Lexington,KY
60543,T.G.I. FRIDAYS,,Lexington,KY
76646,T.G.I. FRIDAYS,,Lexington,KY
87126,TABLE 310,,Lexington,KY
32405,TACHIBANA  RESTAURANT,,Lexington,KY
30819,TACO BELL,,Lexington,KY
31099,TACO BELL,,Lexington,KY
32414,TACO BELL,,Lexington,KY
35907,TACO BELL,,Lexington,KY
62344,TACO BELL,,Lexington,KY
75825,TACO BELL,,Lexington,KY
52291,TACO BELL #16531,,Lexington,KY
45421,TACO BELL #4653,,Lexington,KY
32409,TACO TICO,,Lexington,KY
72676,TAJ INDIA INDIAN RESTAURANT,,Lexington,KY
47226,TALK OF THE TOWN CAFE,,Lexington,KY
72281,TALON WINERY PAVILLION,,Lexington,KY
39211,"TANBARK, THE",,Lexington,KY
62993,TANDOOR FLAMES,,Lexington,KY
30813,TAQUERIA SAN MIGUEL,,Lexington,KY
58838,TARGET STORE 1094,,Lexington,KY
31152,TARGET STORES T-366,,Lexington,KY
93365,TASTE OF INDIA,,Lexington,KY
33567,TASTE OF THAI,,Lexington,KY
32420,TATES CREEK ELEMENTARY SCHOOL,,Lexington,KY
32421,TATES CREEK GOLF CLUB,,Lexington,KY
32422,TATES CREEK HIGH SCHOOL,,Lexington,KY
67278,TATES CREEK HIGH SCHOOL (FTBALL),,Lexington,KY
32423,TATES CREEK MIDDLE SCHOOL,,Lexington,KY
65638,TATES CREEK SOFTBALL BOOSTERS,,Lexington,KY
30784,T-BAR,,Lexington,KY
69657,TED'S MONTANA GRILL,,Lexington,KY
67791,TEMPLE ADATH ISRAEL,,Lexington,KY
94458,TEQUILEX,,Lexington,KY
91072,TEXAS ROADHOUSE,,Lexington,KY
39910,TEXAS ROADHOUSE RESTAURANT,,Lexington,KY
52854,THAI ORCHID CAFE,,Lexington,KY
70185,THE AMERICAN LEGION POST # 8,,Lexington,KY
30777,THE BAR INC,,Lexington,KY
61458,THE BRECKINRIDGE,,Lexington,KY
67259,THE CAFE,,Lexington,KY
32192,THE COURTYARD DELI,,Lexington,KY
30971,"THE CURB, LLC",,Lexington,KY
71529,THE DUGOUT,,Lexington,KY
82945,THE KEENE PLACE AT KEENELAND,,Lexington,KY
44911,THE OTHER BAR,,Lexington,KY
71528,THE PIZZA STAND,,Lexington,KY
54375,THE PRETZEL TWISTER,,Lexington,KY
76796,THE PUB,,Lexington,KY
31644,THE TULIP BISTRO & BAR,,Lexington,KY
30765,"THE VILLA AT CHEVY CHASE, LLC",,Lexington,KY
31999,THE YARD CAFE,,Lexington,KY
86710,THIRD FLOOR CLUB SERVICE BAR,,Lexington,KY
71767,THIRD STREET STUFF COFFEE,,Lexington,KY
43927,THOMPSON CATERING @TRANE CAFETERIA,,Lexington,KY
32433,THORNTON FOOD STOP #38,,Lexington,KY
32429,THORNTON FOOD STOP #48,,Lexington,KY
32431,THORNTON FOOD STOP #51,,Lexington,KY
32430,THORNTON FOOD STOP #52,,Lexington,KY
32432,THORNTON FOOD STOP #53,,Lexington,KY
42070,THORNTON'S #90,,Lexington,KY
35799,THORNTON'S FOOD MART #62,,Lexington,KY
47380,THORNTON'S FOOD MART #89,,Lexington,KY
90140,THOROUGHBRED CLUB OF AMERICA,,Lexington,KY
32434,THOROUGHBRED RESTAURANT,,Lexington,KY
62481,THUNDERBIRD CAFE,,Lexington,KY
65928,TIKI ZONE @ YMCA O/S POOL,,Lexington,KY
63956,"TIN ROOF, THE",,Lexington,KY
84852,TINKER'S CAKE SHOP,,Lexington,KY
32307,TOKYO SUSHI,,Lexington,KY
88229,TOLLY HO RESTAURANT,,Lexington,KY
81245,TOM AND CHEE,,Lexington,KY
65746,TOMO'S RESTAURANT,,Lexington,KY
33085,TONITA  CLUB NOCTURNO,,Lexington,KY
63667,TORTILLERIA RAMIREZ,,Lexington,KY
32438,TOT 'N' TODDLERS,,Lexington,KY
53846,TOT'S LANDING,,Lexington,KY
56136,TOT'S LANDING,,Lexington,KY
42655,"TOT'S LANDING LEARNING CTR,INC",,Lexington,KY
88036,TOWN BRANCH MARKET,,Lexington,KY
32234,TRANSYLVANIA UNIVERSITY CAFE,,Lexington,KY
80213,TRAVELODGE,,Lexington,KY
32439,TRINITY BAPTIST CHURCH,,Lexington,KY
70261,TRINITY HILL CHILD CARE CENTER,,Lexington,KY
31782,TRINITY HILLS FOOD SERVICE,,Lexington,KY
87591,TROPICAL SMOOTHIE CAFE',,Lexington,KY
57642,TRUST LOUNGE,,Lexington,KY
32442,TWO KEYS TAVERN,,Lexington,KY
31159,UK / UK SAMARITAN HOSPITAL,,Lexington,KY
43965,UK BASEBALL CONCESSION STAND,,Lexington,KY
53016,UK EARLY CHILDHOOD LABORATORY,,Lexington,KY
32445,UK MEDICAL CENTER MAIN KITCHEN,,Lexington,KY
32456,UK MEDICAL CENTER-COFFEE SHOP,,Lexington,KY
60838,UK-OVID'S CAFE,,Lexington,KY
48765,UNIVERSITY CLUB OF KY,,Lexington,KY
58721,VETERANS PARK ELEMENTARY SCHOOL,,Lexington,KY
32466,VFW POST - 680,,Lexington,KY
94939,VIBURNUM VALLEY FARM CONFECTIONS,,Lexington,KY
84476,VILLAGE HOST PIZZA,,Lexington,KY
66678,"VILLAGE IDIOT, THE",,Lexington,KY
75390,VIP EARLY LEARNING CENTER,,Lexington,KY
47447,VIRGINIA PLACE DAY CARE,,Lexington,KY
63857,W D AUCTION,,Lexington,KY
30802,WAFFLE HOUSE # 1099,,Lexington,KY
62857,WAFFLE HOUSE # 1375,,Lexington,KY
62343,WAFFLE HOUSE # 1408,,Lexington,KY
67902,WAFFLE HOUSE # 1565,,Lexington,KY
53969,WAFFLE HOUSE #1055,,Lexington,KY
32472,WAFFLE HOUSE #107,,Lexington,KY
62540,WAFFLE HOUSE #1334,,Lexington,KY
32473,WAFFLE HOUSE #505,,Lexington,KY
32474,WAFFLE HOUSE #531,,Lexington,KY
32475,WAFFLE HOUSE #654,,Lexington,KY
89394,WAGON BONES GRILL,,Lexington,KY
50229,WAH MEI,,Lexington,KY
63504,WAL-MART #2783,,Lexington,KY
76797,WAL-MART NEIGHBORHOOD MARKET,,Lexington,KY
43116,WAL-MART STORE #4607,,Lexington,KY
61611,WAL-MART SUPERCENTER #2628,,Lexington,KY
77357,WAL-MART SUPERCENTER #3894,,Lexington,KY
90584,"WEEKLY JUICERY, THE",,Lexington,KY
89039,WELLINGTON ELEMENTARY SCHOOL,,Lexington,KY
32476,WENDY'S,,Lexington,KY
32477,WENDY'S,,Lexington,KY
32478,WENDY'S,,Lexington,KY
32480,WENDY'S,,Lexington,KY
60743,WENDY'S,,Lexington,KY
74858,WENDY'S,,Lexington,KY
75296,WENDY'S,,Lexington,KY
39909,WENDY'S RESTAURANT,,Lexington,KY
69097,WEST COAST GOURMET PIZZA,,Lexington,KY
90262,WEST SIXTH COMPANY,,Lexington,KY
32486,WHEELER'S PHARMACY,,Lexington,KY
32487,WHITE CASTLE #21,,Lexington,KY
32491,WHITE CASTLE #22,,Lexington,KY
69005,WHOLE FOODS MARKET,,Lexington,KY
94673,WILD EGGS,,Lexington,KY
88933,"WILD THYME, LLC",,Lexington,KY
30703,WILDCAT CAFE,,Lexington,KY
81807,WILLIAM W BROWN ELEMENTARY,,Lexington,KY
60322,WILLIAMS-SONOMA #310,,Lexington,KY
30817,WILLIE'S LOCALLY KNOWN,,Lexington,KY
91841,"WILLOWS AT HAMBURG, THE",,Lexington,KY
33596,"WILSON'S GROCERY, MEAT & PROD.",,Lexington,KY
32500,WINBURN MIDDLE SCHOOL,,Lexington,KY
45248,WINCHELL'S REST. & SPORTS BAR,,Lexington,KY
32502,WINDY CORNER MARKET,,Lexington,KY
81929,WINE & MARKET,,Lexington,KY
73827,WINES ON VINE,,Lexington,KY
86771,WING ZONE,,Lexington,KY
87029,WING ZONE,,Lexington,KY
88305,WONG WONG RESTAURANT,,Lexington,KY
53014,WOODHILL MOVIES 10,,Lexington,KY
42485,WOODLAND EARLY LEARNING CENTER,,Lexington,KY
71675,YAMAGUCHI'S SAKE AND TAPAS,,Lexington,KY
32512,YATES ELEMENTARY SCHOOL,,Lexington,KY
38743,YESTERDAYS,,Lexington,KY
86315,YO2GO,,Lexington,KY
31137,YUMMY YUMMY,,Lexington,KY
63955,ZAINNA MEDITERRIAN CUISINE,,Lexington,KY
78798,ZAXBY'S,,Lexington,KY
82740,ZAXBY'S,,Lexington,KY
83458,ZAXBY'S,,Lexington,KY
